"ID","nc","Hugo_Symbol","MSK-IMPACT 50k 2026","TCGA GDC 2025"
"43590","[1, 5] mismatches","TP53",1.096,0.131
"127819","[1, 5] mismatches","TP53",0.803,0.094
"13900","[1, 5] mismatches","NRAS",0.782,0.037
"43589","[1, 5] mismatches","TP53",0.716,0.094
"194585","[1, 5] mismatches","APC",0.581,0.131
"73058","[1, 5] mismatches","NRAS",0.581,0.056
"376004","[1, 5] mismatches","SF3B1",0.326,0.056
"376344","[1, 5] mismatches","ERBB2",0.259,0.028
"13272","[1, 5] mismatches","FGFR2",0.224,NA
"375874","[1, 5] mismatches","NRAS",0.218,0.009
"141762","[1, 5] mismatches","TP53",0.21,0.037
"216077","[1, 5] mismatches","TP53",0.208,0.047
"182928","[1, 5] mismatches","TP53",0.195,NA
"376625","[1, 5] mismatches","TP53",0.179,NA
"824","[1, 5] mismatches","APC",0.17,0.028
"481003","[1, 5] mismatches","TP53",0.164,0.009
"808","[1, 5] mismatches","APC",0.158,0.037
"376615","[1, 5] mismatches","TP53",0.147,0.019
"376559","[1, 5] mismatches","TP53",0.143,NA
"233650","[1, 5] mismatches","TP53",0.141,0.009
"140801","[1, 5] mismatches","TP53",0.137,0.037
"807","[1, 5] mismatches","APC",0.135,0.019
"182965","[1, 5] mismatches","TP53",0.133,0.028
"406597","[1, 5] mismatches","TP53",0.127,0.009
"977783","[1, 5] mismatches","TP53",0.125,0.019
"376500","[1, 5] mismatches","POLE",0.122,0.028
"376681","[1, 5] mismatches","TP53",0.122,0.028
"630765","[1, 5] mismatches","TP53",0.114,NA
"135359","[1, 5] mismatches","TP53",0.106,0.019
"376348","[1, 5] mismatches","FOXL2",0.104,NA
"634773","[1, 5] mismatches","TP53",0.104,NA
"458541","[1, 5] mismatches","TP53",0.1,0.009
"376624","[1, 5] mismatches","TP53",0.091,0.066
"566924","[1, 5] mismatches","TP53",0.089,NA
"12511","[1, 5] mismatches","TGFBR2",0.087,0.009
"12602","> 5 mismatches | Indels","HRAS",0.085,0.009
"376650","[1, 5] mismatches","TP53",0.083,0.009
"451799","[1, 5] mismatches","TP53",0.083,0.028
"233627","[1, 5] mismatches","TP53",0.079,NA
"634704","[1, 5] mismatches","TP53",0.077,0.019
"186236","[1, 5] mismatches","TP53",0.075,0.009
"376435","[1, 5] mismatches","H3F3A",0.075,NA
"634707","[1, 5] mismatches","TP53",0.075,0.009
"376542","[1, 5] mismatches","SOS1",0.073,NA
"420659","> 5 mismatches | Indels","TP53",0.073,NA
"634688","[1, 5] mismatches","TP53",0.073,0.019
"13543","> 5 mismatches | Indels","PDGFRA",0.071,NA
"35554","> 5 mismatches | Indels","HRAS",0.071,0.028
"184863","[1, 5] mismatches","TP53",0.066,NA
"216078","[1, 5] mismatches","TP53",0.066,NA
"376660","[1, 5] mismatches","TP53",0.064,0.019
"1000203","[1, 5] mismatches","EGFR",0.062,NA
"12612","> 5 mismatches | Indels","HRAS",0.062,0.028
"1329425","[1, 5] mismatches","TP53",0.062,0.019
"376670","[1, 5] mismatches","TP53",0.062,NA
"142657","[1, 5] mismatches","TP53",0.058,NA
"864351","[1, 5] mismatches","RNF43",0.058,NA
"126837","> 5 mismatches | Indels","RB1",0.056,0.019
"482212","> 5 mismatches | Indels","TP53",0.056,0.028
"634708","[1, 5] mismatches","TP53",0.056,NA
"656751","[1, 5] mismatches","TP53",0.056,0.009
"13071","> 5 mismatches | Indels","RB1",0.054,0.009
"13090","[1, 5] mismatches","RB1",0.054,0.009
"376618","[1, 5] mismatches","TP53",0.054,NA
"7443","[1, 5] mismatches","STK11",0.054,NA
"188060","[1, 5] mismatches","TP53",0.052,NA
"230285","> 5 mismatches | Indels","TP53",0.052,0.009
"376626","[1, 5] mismatches","TP53",0.052,0.019
"373003","[1, 5] mismatches","NRAS",0.048,0.009
"376561","[1, 5] mismatches","TP53",0.048,0.009
"568781","> 5 mismatches | Indels","TP53",0.048,0.009
"638853","> 5 mismatches | Indels","TP53",0.048,0.009
"855749","[1, 5] mismatches","POLE",0.048,NA
"265337","[1, 5] mismatches","TP53",0.044,NA
"375871","[1, 5] mismatches","NRAS",0.044,NA
"376685","[1, 5] mismatches","TP53",0.044,NA
"12376","[1, 5] mismatches","TP53",0.042,NA
"12512","[1, 5] mismatches","TGFBR2",0.042,0.009
"142206","[1, 5] mismatches","TP53",0.042,NA
"376687","[1, 5] mismatches","TP53",0.042,0.019
"458543","[1, 5] mismatches","TP53",0.042,0.009
"13087","[1, 5] mismatches","RB1",0.039,NA
"216466","[1, 5] mismatches","TP53",0.039,NA
"376560","[1, 5] mismatches","TP53",0.039,NA
"376564","[1, 5] mismatches","TP53",0.039,0.009
"376565","[1, 5] mismatches","TP53",0.039,0.019
"634690","[1, 5] mismatches","TP53",0.039,0.019
"94176","[1, 5] mismatches","KMT2D",0.039,0.009
"979079","[1, 5] mismatches","TP53",0.039,0.009
"976531","[1, 5] mismatches","DNAAF1",NA,0.037
"1210292","[1, 5] mismatches","TP53",0.037,NA
"390565","[1, 5] mismatches","NOTCH1",0.037,NA
"428902","[1, 5] mismatches","TP53",0.037,NA
"492752","[1, 5] mismatches","TP53",0.037,NA
"582257","[1, 5] mismatches","TP53",0.037,NA
"635390","[1, 5] mismatches","TP53",0.037,NA
"934410","[1, 5] mismatches","TP53",0.037,0.009
"1018290","[1, 5] mismatches","TP53",0.035,NA
"126840","[1, 5] mismatches","RB1",0.035,0.019
"141302","[1, 5] mismatches","TP53",0.035,NA
"216467","[1, 5] mismatches","TP53",0.035,NA
"265333","[1, 5] mismatches","TP53",0.035,NA
"180848","> 5 mismatches | Indels","HRAS",0.033,0.009
"230477","[1, 5] mismatches","TP53",0.033,NA
"376662","[1, 5] mismatches","TP53",0.033,NA
"376686","[1, 5] mismatches","TP53",0.033,NA
"224551","[1, 5] mismatches","TP53",0.031,0.009
"376661","[1, 5] mismatches","TP53",0.031,NA
"406599","[1, 5] mismatches","TP53",0.031,NA
"458540","[1, 5] mismatches","TP53",0.031,NA
"575444","[1, 5] mismatches","RB1",0.031,NA
"634754","[1, 5] mismatches","TP53",0.031,0.028
"1036023","[1, 5] mismatches","TP53",0.029,NA
"13273","[1, 5] mismatches","FGFR2",0.029,NA
"141098","[1, 5] mismatches","TP53",0.029,NA
"438766","[1, 5] mismatches","H3F3A",0.029,NA
"480760","[1, 5] mismatches","TP53",0.029,NA
"486765","[1, 5] mismatches","APC",0.029,NA
"231025","[1, 5] mismatches","APC",NA,0.028
"355279","[1, 5] mismatches","LAMA2",NA,0.028
"508124","[1, 5] mismatches","TRIOBP",NA,0.028
"12383","[1, 5] mismatches","TP53",0.027,0.019
"12604","> 5 mismatches | Indels","HRAS",0.027,0.009
"16331","[1, 5] mismatches","FGFR3",0.027,0.019
"213781","[1, 5] mismatches","SMAD3",0.027,NA
"804214","[1, 5] mismatches","TP53",0.027,0.009
"824343","> 5 mismatches | Indels","STK11",0.027,NA
"860797","> 5 mismatches | Indels","TP53",0.027,NA
"1196280","[1, 5] mismatches","ERCC2",0.025,0.019
"126810","[1, 5] mismatches","RB1",0.025,NA
"142050","[1, 5] mismatches","TP53",0.025,NA
"376629","[1, 5] mismatches","TP53",0.025,NA
"376632","[1, 5] mismatches","TP53",0.025,NA
"423970","[1, 5] mismatches","TP53",0.025,NA
"449335","[1, 5] mismatches","APC",0.025,NA
"575453","> 5 mismatches | Indels","RB1",0.025,0.009
"231165","[1, 5] mismatches","TP53",0.023,NA
"240346","[1, 5] mismatches","PDGFRA",0.023,0.009
"376630","[1, 5] mismatches","TP53",0.023,0.009
"389644","[1, 5] mismatches","TP53",0.023,NA
"480751","[1, 5] mismatches","TP53",0.023,0.009
"482218","[1, 5] mismatches","TP53",0.023,NA
"80710","[1, 5] mismatches","TP53",0.023,NA
"822279","[1, 5] mismatches","TP53",0.023,NA
"823709","[1, 5] mismatches","TP53",0.023,NA
"1069758","[1, 5] mismatches","CARD11",0.021,NA
"12357","[1, 5] mismatches","TP53",0.021,NA
"180541","[1, 5] mismatches","TGFBR2",0.021,0.009
"185498","[1, 5] mismatches","TP53",0.021,NA
"230467","[1, 5] mismatches","NF1",0.021,NA
"376619","[1, 5] mismatches","TP53",0.021,NA
"376627","[1, 5] mismatches","TP53",0.021,0.019
"489600","[1, 5] mismatches","ATM",0.021,NA
"528271","> 5 mismatches | Indels","TP53",0.021,NA
"636889","[1, 5] mismatches","PLCG2",0.021,NA
"803543","[1, 5] mismatches","JAK3",0.021,NA
"871293","[1, 5] mismatches","TP53",0.021,NA
"92340","[1, 5] mismatches","APC",0.021,NA
"988615","[1, 5] mismatches","TP53",0.021,NA
"1007876","[1, 5] mismatches","SETX",NA,0.019
"1011964","[1, 5] mismatches","NGLY1",NA,0.019
"1024857","[1, 5] mismatches","GUCA1B",NA,0.019
"1098947","[1, 5] mismatches","ELP1",NA,0.019
"1106118","[1, 5] mismatches","CDH3",NA,0.019
"1112300","[1, 5] mismatches","TRPM1",NA,0.019
"1122412","[1, 5] mismatches","SLC12A5",NA,0.019
"1124979","[1, 5] mismatches","USH2A",NA,0.019
"1125264","[1, 5] mismatches","MSH3",NA,0.019
"1135103","[1, 5] mismatches","AICDA",NA,0.019
"1138359","[1, 5] mismatches","RPS20",NA,0.019
"1158368","> 5 mismatches | Indels","GLDC",NA,0.019
"1161672","[1, 5] mismatches","DNMT3B",NA,0.019
"1209591","[1, 5] mismatches","PCDH15",NA,0.019
"1302705","[1, 5] mismatches","LAMC3",NA,0.019
"1302906","[1, 5] mismatches","FRAS1",NA,0.019
"134508","[1, 5] mismatches","HNF1A",0.004,0.019
"164692","[1, 5] mismatches","MYO7A",NA,0.019
"164932","[1, 5] mismatches","PCDH15",NA,0.019
"189857","> 5 mismatches | Indels","SCN1A",NA,0.019
"201829","[1, 5] mismatches","JUP",NA,0.019
"209088","[1, 5] mismatches","LZTR1",0.012,0.019
"213800","[1, 5] mismatches","SMAD3",0.017,0.019
"218582","[1, 5] mismatches","MFF",NA,0.019
"220687","[1, 5] mismatches","RET",NA,0.019
"254098","[1, 5] mismatches","HECW2",NA,0.019
"284733","[1, 5] mismatches","RB1",0.017,0.019
"320661","[1, 5] mismatches","GAN",NA,0.019
"428706","> 5 mismatches | Indels","RB1",0.002,0.019
"428803","[1, 5] mismatches","VHL",0.002,0.019
"436822","[1, 5] mismatches","SMC3",NA,0.019
"446539","[1, 5] mismatches","DYNC2H1",NA,0.019
"463649","[1, 5] mismatches","RYR2",NA,0.019
"471412","[1, 5] mismatches","HSPB3",NA,0.019
"475648","[1, 5] mismatches","SLC12A5",NA,0.019
"476760","[1, 5] mismatches","GARS1",NA,0.019
"489526","[1, 5] mismatches","ATM",NA,0.019
"497825","[1, 5] mismatches","SYNE1",NA,0.019
"507272","> 5 mismatches | Indels","RYR2",NA,0.019
"557389","[1, 5] mismatches","ACADS",NA,0.019
"594311","[1, 5] mismatches","SLC27A5",NA,0.019
"619032","[1, 5] mismatches","AHCTF1",NA,0.019
"641482","[1, 5] mismatches","TP53",0.01,0.019
"666884","> 5 mismatches | Indels","MYO7A",NA,0.019
"696698","[1, 5] mismatches","CUBN",NA,0.019
"697971","[1, 5] mismatches","A2ML1",NA,0.019
"700863","[1, 5] mismatches","FANCA",NA,0.019
"702969","[1, 5] mismatches","NME8",NA,0.019
"706267","[1, 5] mismatches","PSEN2",NA,0.019
"711633","[1, 5] mismatches","EFL1",NA,0.019
"717276","[1, 5] mismatches","SNRPB",NA,0.019
"722763","[1, 5] mismatches","PQBP1",NA,0.019
"740478","[1, 5] mismatches","RELN",NA,0.019
"746443","[1, 5] mismatches","ACTA1",NA,0.019
"756480","[1, 5] mismatches","PTPRN2",NA,0.019
"757900","[1, 5] mismatches","PIK3AP1",NA,0.019
"77679","[1, 5] mismatches","DOCK8",NA,0.019
"805715","[1, 5] mismatches","TTN",NA,0.019
"859073","[1, 5] mismatches","SCN9A",NA,0.019
"861156","> 5 mismatches | Indels","RYR3",NA,0.019
"880016","[1, 5] mismatches","SLC29A3",NA,0.019
"884674","> 5 mismatches | Indels","ADAMTS17",NA,0.019
"893892","[1, 5] mismatches","NLRP7",NA,0.019
"915432","[1, 5] mismatches","COL18A1",NA,0.019
"933559","[1, 5] mismatches","CUBN",NA,0.019
"950014","[1, 5] mismatches","SLC29A3",NA,0.019
"964881","[1, 5] mismatches","NEB",NA,0.019
"977676","[1, 5] mismatches","TUBB8",NA,0.019
"982199","[1, 5] mismatches","ZNF292",NA,0.019
"985281","[1, 5] mismatches","EP300",0.008,0.019
"990665","[1, 5] mismatches","ELP1",NA,0.019
"991478","[1, 5] mismatches","TGM1",NA,0.019
"1076417","> 5 mismatches | Indels","RB1",0.019,NA
"127808","[1, 5] mismatches","TP53",0.019,NA
"141114","[1, 5] mismatches","TP53",0.019,0.009
"188268","[1, 5] mismatches","RET",0.019,NA
"3025","> 5 mismatches | Indels","ATM",0.019,NA
"479731","> 5 mismatches | Indels","MRE11A",0.019,NA
"55850","[1, 5] mismatches","NOTCH3",0.019,NA
"575193","[1, 5] mismatches","PDGFRA",0.019,NA
"634670","[1, 5] mismatches","TP53",0.019,NA
"651982","> 5 mismatches | Indels","CDH1",0.019,NA
"656497","> 5 mismatches | Indels","TP53",0.019,NA
"822878","[1, 5] mismatches","TP53",0.019,NA
"1027110","[1, 5] mismatches","TP53",0.017,NA
"1050551","[1, 5] mismatches","APC",0.017,NA
"1073381","[1, 5] mismatches","TP53",0.017,NA
"1209572","[1, 5] mismatches","TP53",0.017,NA
"126812","[1, 5] mismatches","RB1",0.017,0.009
"127818","[1, 5] mismatches","TP53",0.017,NA
"13838","[1, 5] mismatches","FGF3",0.017,0.009
"212027","[1, 5] mismatches","RECQL4",0.017,NA
"216021","[1, 5] mismatches","ATM",0.017,0.009
"216387","[1, 5] mismatches","PTCH1",0.017,NA
"234214","[1, 5] mismatches","TP53",0.017,NA
"376566","[1, 5] mismatches","TP53",0.017,NA
"376671","[1, 5] mismatches","TP53",0.017,0.009
"376688","[1, 5] mismatches","TP53",0.017,NA
"406596","[1, 5] mismatches","TP53",0.017,NA
"479485","> 5 mismatches | Indels","CDH1",0.017,NA
"485332","[1, 5] mismatches","BLM",0.017,NA
"486556","[1, 5] mismatches","TP53",0.017,NA
"549484","[1, 5] mismatches","FGFR2",0.017,NA
"579207","[1, 5] mismatches","RB1",0.017,0.009
"89744","[1, 5] mismatches","MLH1",0.017,NA
"935604","[1, 5] mismatches","CARD11",0.017,0.009
"941939","[1, 5] mismatches","NOTCH1",0.017,0.009
"1057941","[1, 5] mismatches","TP53",0.015,NA
"1061935","[1, 5] mismatches","ALK",0.015,NA
"12600","> 5 mismatches | Indels","HRAS",0.015,NA
"1304732","[1, 5] mismatches","CARD11",0.015,NA
"133479","[1, 5] mismatches","ALK",0.015,NA
"134166","[1, 5] mismatches","ERCC5",0.015,NA
"142431","[1, 5] mismatches","TP53",0.015,NA
"186440","[1, 5] mismatches","BRIP1",0.015,0.009
"186594","[1, 5] mismatches","TP53",0.015,NA
"232344","[1, 5] mismatches","TP53",0.015,NA
"265315","> 5 mismatches | Indels","ATM",0.015,NA
"290393","[1, 5] mismatches","VEGFA",0.015,NA
"354","[1, 5] mismatches","NF1",0.015,NA
"376631","[1, 5] mismatches","TP53",0.015,0.009
"376682","[1, 5] mismatches","TP53",0.015,NA
"376683","[1, 5] mismatches","TP53",0.015,NA
"376689","[1, 5] mismatches","TP53",0.015,NA
"381593","[1, 5] mismatches","RET",0.015,NA
"407409","[1, 5] mismatches","PDGFRA",0.015,NA
"407948","[1, 5] mismatches","POLD1",0.015,0.009
"428788","[1, 5] mismatches","STK11",0.015,NA
"428871","[1, 5] mismatches","TP53",0.015,0.009
"428873","[1, 5] mismatches","TP53",0.015,NA
"428884","[1, 5] mismatches","TP53",0.015,NA
"428895","[1, 5] mismatches","TP53",0.015,NA
"429183","> 5 mismatches | Indels","FH",0.015,0.009
"490165","[1, 5] mismatches","STK11",0.015,NA
"571976","> 5 mismatches | Indels","NF1",0.015,0.009
"634757","[1, 5] mismatches","TP53",0.015,NA
"634784","[1, 5] mismatches","TP53",0.015,NA
"641750","[1, 5] mismatches","RECQL4",0.015,NA
"642883","[1, 5] mismatches","NF1",0.015,NA
"804639","[1, 5] mismatches","NOTCH3",0.015,NA
"824232","[1, 5] mismatches","TP53",0.015,NA
"949408","[1, 5] mismatches","TP53",0.015,NA
"961450","[1, 5] mismatches","EGFR",0.015,NA
"988321","> 5 mismatches | Indels","AR",0.015,0.009
"992615","[1, 5] mismatches","SPEN",0.015,NA
"1029147","[1, 5] mismatches","ALOX12B",0.012,NA
"1064373","[1, 5] mismatches","DDR2",0.012,NA
"1176053","[1, 5] mismatches","RNF43",0.012,NA
"127337","> 5 mismatches | Indels","ATM",0.012,NA
"133794","[1, 5] mismatches","CARD11",0.012,NA
"134579","[1, 5] mismatches","JAK3",0.012,NA
"141630","[1, 5] mismatches","BRCA2",0.012,NA
"142012","[1, 5] mismatches","TP53",0.012,NA
"142635","[1, 5] mismatches","PMS2",0.012,NA
"180594","[1, 5] mismatches","FOXL2",0.012,NA
"190988","[1, 5] mismatches","NTRK1",0.012,NA
"236616","[1, 5] mismatches","APC",0.012,NA
"240337","[1, 5] mismatches","PDGFRA",0.012,NA
"245609","[1, 5] mismatches","SMO",0.012,NA
"245842","[1, 5] mismatches","ATM",0.012,NA
"328377","[1, 5] mismatches","NOTCH3",0.012,NA
"376220","[1, 5] mismatches","NRAS",0.012,NA
"376628","[1, 5] mismatches","TP53",0.012,NA
"381588","[1, 5] mismatches","HNF1A",0.012,NA
"39479","[1, 5] mismatches","INPPL1",0.012,NA
"39618","[1, 5] mismatches","PDGFRA",0.012,NA
"405563","[1, 5] mismatches","SMAD3",0.012,NA
"406933","[1, 5] mismatches","RECQL4",0.012,NA
"408071","[1, 5] mismatches","POLD1",0.012,NA
"421949","[1, 5] mismatches","ATM",0.012,NA
"428683","> 5 mismatches | Indels","RB1",0.012,NA
"463735","[1, 5] mismatches","CDH1",0.012,0.009
"470903","[1, 5] mismatches","ALK",0.012,NA
"527834","[1, 5] mismatches","STK11",0.012,NA
"528249","[1, 5] mismatches","TP53",0.012,NA
"528564","[1, 5] mismatches","PDGFRA",0.012,0.009
"545065","[1, 5] mismatches","KDM6A",0.012,NA
"548668","[1, 5] mismatches","GNA11",0.012,NA
"562373","[1, 5] mismatches","HNF1A",0.012,NA
"580769","[1, 5] mismatches","NF1",0.012,NA
"580807","[1, 5] mismatches","TP53",0.012,0.009
"617472","[1, 5] mismatches","TP53",0.012,0.009
"620098","> 5 mismatches | Indels","PMS2",0.012,NA
"620603","[1, 5] mismatches","PAX5",0.012,NA
"632591","> 5 mismatches | Indels","SETD2",0.012,NA
"634672","[1, 5] mismatches","TP53",0.012,NA
"65216","[1, 5] mismatches","TSC2",0.012,NA
"661119","[1, 5] mismatches","CARD11",0.012,NA
"6882","[1, 5] mismatches","EP300",0.012,0.009
"707132","[1, 5] mismatches","PDGFRB",0.012,NA
"803537","[1, 5] mismatches","NOTCH3",0.012,NA
"824351","[1, 5] mismatches","TP53",0.012,NA
"907133","[1, 5] mismatches","IL7R",0.012,NA
"91313","[1, 5] mismatches","PMS2",0.012,NA
"965090","[1, 5] mismatches","FANCA",0.012,NA
"1040389","[1, 5] mismatches","DNMT3B",0.01,NA
"1054765","[1, 5] mismatches","TP53",0.01,NA
"1061185","[1, 5] mismatches","ALK",0.01,NA
"1070561","[1, 5] mismatches","APC",0.01,NA
"12363","[1, 5] mismatches","TP53",0.01,NA
"12613","> 5 mismatches | Indels","HRAS",0.01,0.009
"126818","[1, 5] mismatches","RB1",0.01,NA
"126842","[1, 5] mismatches","RB1",0.01,NA
"127429","> 5 mismatches | Indels","ATM",0.01,NA
"129235","[1, 5] mismatches","HNF1A",0.01,NA
"13084","> 5 mismatches | Indels","RB1",0.01,NA
"1324344","[1, 5] mismatches","ERCC5",0.01,NA
"133469","[1, 5] mismatches","ALK",0.01,NA
"1335016","[1, 5] mismatches","H3F3A",0.01,NA
"134032","[1, 5] mismatches","EGFR",0.01,NA
"134185","[1, 5] mismatches","ERCC5",0.01,NA
"134941","[1, 5] mismatches","NOTCH1",0.01,NA
"135067","[1, 5] mismatches","PMS2",0.01,NA
"13546","[1, 5] mismatches","PDGFRA",0.01,NA
"141988","[1, 5] mismatches","TP53",0.01,NA
"156480","[1, 5] mismatches","APC",0.01,NA
"16269","[1, 5] mismatches","FLT4",0.01,NA
"182896","> 5 mismatches | Indels","STK11",0.01,NA
"183738","[1, 5] mismatches","MLH1",0.01,NA
"184934","[1, 5] mismatches","APC",0.01,NA
"185354","[1, 5] mismatches","NF1",0.01,NA
"185798","[1, 5] mismatches","STK11",0.01,NA
"187027","[1, 5] mismatches","NF1",0.01,NA
"188066","[1, 5] mismatches","MEN1",0.01,NA
"222756","[1, 5] mismatches","NOTCH1",0.01,NA
"231214","[1, 5] mismatches","TP53",0.01,NA
"236796","> 5 mismatches | Indels","ATM",0.01,NA
"239668","[1, 5] mismatches","SDHA",0.01,0.009
"239752","[1, 5] mismatches","RECQL4",0.01,NA
"240624","[1, 5] mismatches","POLE",0.01,NA
"246337","> 5 mismatches | Indels","TP53",0.01,NA
"280748","[1, 5] mismatches","KMT2A",0.01,NA
"299892","[1, 5] mismatches","RET",0.01,NA
"376172","[1, 5] mismatches","ERBB4",0.01,NA
"38076","[1, 5] mismatches","BRCA2",0.01,NA
"39545","[1, 5] mismatches","ALOX12B",0.01,0.009
"428695","[1, 5] mismatches","RB1",0.01,NA
"428749","[1, 5] mismatches","STK11",0.01,NA
"428859","> 5 mismatches | Indels","TP53",0.01,NA
"439998","[1, 5] mismatches","NF1",0.01,0.009
"454104","[1, 5] mismatches","BLM",0.01,NA
"472896","[1, 5] mismatches","PLCG2",0.01,NA
"477936","[1, 5] mismatches","NOTCH1",0.01,NA
"480953","[1, 5] mismatches","TP53",0.01,NA
"481011","[1, 5] mismatches","CDH1",0.01,NA
"485943","> 5 mismatches | Indels","NF1",0.01,0.009
"49953","[1, 5] mismatches","TSC2",0.01,NA
"501282","[1, 5] mismatches","ANKRD11",0.01,NA
"521568","[1, 5] mismatches","NOTCH1",0.01,NA
"532661","[1, 5] mismatches","RUNX1",0.01,NA
"568876","[1, 5] mismatches","PDGFRA",0.01,NA
"572175","[1, 5] mismatches","RET",0.01,NA
"574932","[1, 5] mismatches","STK11",0.01,NA
"584923","[1, 5] mismatches","TP53",0.01,NA
"634669","[1, 5] mismatches","TP53",0.01,NA
"634753","[1, 5] mismatches","TP53",0.01,0.009
"634774","[1, 5] mismatches","TP53",0.01,NA
"641057","> 5 mismatches | Indels","MSH2",0.01,0.009
"6740","[1, 5] mismatches","DNMT3B",0.01,NA
"726988","[1, 5] mismatches","TP63",0.01,NA
"743388","[1, 5] mismatches","NOTCH4",0.01,NA
"806899","[1, 5] mismatches","ERBB3",0.01,NA
"818331","> 5 mismatches | Indels","TP53",0.01,NA
"818670","> 5 mismatches | Indels","FH",0.01,NA
"834905","[1, 5] mismatches","POLD1",0.01,NA
"839056","[1, 5] mismatches","TP53",0.01,NA
"851728","[1, 5] mismatches","PIK3CD",0.01,NA
"944620","[1, 5] mismatches","DNMT3B",0.01,NA
"946214","[1, 5] mismatches","AKT1",0.01,NA
"950072","[1, 5] mismatches","AXIN2",0.01,0.009
"954938","[1, 5] mismatches","TSC1",0.01,NA
"972765","[1, 5] mismatches","HNF1A",0.01,NA
"973001","> 5 mismatches | Indels","CSF1R",0.01,NA
"9777","[1, 5] mismatches","KDM5C",0.01,NA
"100212","[1, 5] mismatches","VWF",NA,0.009
"1004733","[1, 5] mismatches","COL5A1",NA,0.009
"1004809","> 5 mismatches | Indels","TINF2",NA,0.009
"1005078","[1, 5] mismatches","PRPF6",NA,0.009
"1005224","[1, 5] mismatches","WDPCP",NA,0.009
"1005797","[1, 5] mismatches","CACNA2D4",NA,0.009
"1006343","[1, 5] mismatches","CDK4",NA,0.009
"1006819","[1, 5] mismatches","ATRX",0.002,0.009
"1007756","[1, 5] mismatches","ABCC9",NA,0.009
"1007787","[1, 5] mismatches","PRDM16",NA,0.009
"1007899","[1, 5] mismatches","RYR2",NA,0.009
"1009729","[1, 5] mismatches","PCDH15",NA,0.009
"1009857","[1, 5] mismatches","CDKN1B",NA,0.009
"1010331","[1, 5] mismatches","CCDC40",NA,0.009
"1010424","[1, 5] mismatches","TUB",NA,0.009
"1012563","[1, 5] mismatches","SERPINE1",NA,0.009
"1013194","[1, 5] mismatches","COL18A1",NA,0.009
"1013459","[1, 5] mismatches","CHRNA4",NA,0.009
"1014158","[1, 5] mismatches","CACNA1A",NA,0.009
"1014928","[1, 5] mismatches","DOK7",NA,0.009
"1015123","> 5 mismatches | Indels","PCSK9",NA,0.009
"1016630","[1, 5] mismatches","FAS",NA,0.009
"1017371","[1, 5] mismatches","DOCK8",NA,0.009
"1017534","[1, 5] mismatches","CNTNAP2",NA,0.009
"1019146","[1, 5] mismatches","COL2A1",NA,0.009
"1019628","[1, 5] mismatches","KIT",0.004,0.009
"1020304","> 5 mismatches | Indels","ADGRV1",NA,0.009
"1020535","[1, 5] mismatches","PIGO",NA,0.009
"1020640","[1, 5] mismatches","TOR1AIP1",NA,0.009
"1021324","> 5 mismatches | Indels","AGRN",NA,0.009
"1021553","[1, 5] mismatches","ARSB",NA,0.009
"1022298","[1, 5] mismatches","RYR3",NA,0.009
"1023642","> 5 mismatches | Indels","SYNJ1",NA,0.009
"1023644","[1, 5] mismatches","ITGB2",NA,0.009
"1024613","[1, 5] mismatches","BCKDHA",NA,0.009
"1024894","[1, 5] mismatches","B4GALT7",NA,0.009
"1025677","[1, 5] mismatches","KCNH2",NA,0.009
"1025936","[1, 5] mismatches","NEB",NA,0.009
"102671","[1, 5] mismatches","PAH",NA,0.009
"1026817","[1, 5] mismatches","PDHX",NA,0.009
"1027756","[1, 5] mismatches","CDK10",NA,0.009
"1028866","[1, 5] mismatches","FRAS1",NA,0.009
"1029275","[1, 5] mismatches","REEP2",NA,0.009
"1029538","> 5 mismatches | Indels","IFNAR2",NA,0.009
"1029656","[1, 5] mismatches","VPS13B",NA,0.009
"1029820","> 5 mismatches | Indels","SLC25A19",NA,0.009
"1031304","[1, 5] mismatches","FUT8",NA,0.009
"1033297","[1, 5] mismatches","PIGG",NA,0.009
"1033518","[1, 5] mismatches","FMN2",NA,0.009
"1035016","[1, 5] mismatches","TUB",NA,0.009
"1035530","[1, 5] mismatches","AGBL5",NA,0.009
"1035828","[1, 5] mismatches","DOK7",NA,0.009
"1036162","[1, 5] mismatches","NHEJ1",NA,0.009
"1039525","[1, 5] mismatches","TREX1",NA,0.009
"1040451","[1, 5] mismatches","INVS",NA,0.009
"1040609","[1, 5] mismatches","DST",NA,0.009
"1044349","[1, 5] mismatches","RIMS1",NA,0.009
"1044524","[1, 5] mismatches","LAMB2",NA,0.009
"1045008","[1, 5] mismatches","LRP2",NA,0.009
"1046171","[1, 5] mismatches","DDR2",NA,0.009
"1046729","[1, 5] mismatches","CHRNA4",NA,0.009
"1048210","[1, 5] mismatches","GALNS",NA,0.009
"1049752","[1, 5] mismatches","SOX10",NA,0.009
"1051077","[1, 5] mismatches","CCDC40",NA,0.009
"1053201","[1, 5] mismatches","PHRF1",NA,0.009
"1053487","[1, 5] mismatches","HK1",NA,0.009
"1055615","[1, 5] mismatches","WHRN",NA,0.009
"1057915","[1, 5] mismatches","RELN",NA,0.009
"1060284","[1, 5] mismatches","PDGFRA",NA,0.009
"1062038","> 5 mismatches | Indels","CPT1A",NA,0.009
"1062458","> 5 mismatches | Indels","BLM",NA,0.009
"1062525","[1, 5] mismatches","CARD11",0.004,0.009
"1063563","[1, 5] mismatches","BRAT1",NA,0.009
"1063893","[1, 5] mismatches","SLC7A7",NA,0.009
"1064356","[1, 5] mismatches","WDR45",NA,0.009
"1066169","[1, 5] mismatches","BLM",NA,0.009
"1069507","> 5 mismatches | Indels","RB1",0.008,0.009
"1070130","[1, 5] mismatches","ATM",NA,0.009
"1072590","[1, 5] mismatches","NF2",NA,0.009
"1075659","[1, 5] mismatches","USH2A",NA,0.009
"1077032","[1, 5] mismatches","LAMA5",NA,0.009
"1077131","[1, 5] mismatches","HUWE1",NA,0.009
"1078595","[1, 5] mismatches","CERKL",NA,0.009
"1078777","[1, 5] mismatches","ALPL",NA,0.009
"1080588","> 5 mismatches | Indels","CACNA1A",NA,0.009
"1081496","[1, 5] mismatches","ITGA7",NA,0.009
"1082003","[1, 5] mismatches","COL27A1",NA,0.009
"1083085","[1, 5] mismatches","SCO2",NA,0.009
"1083161","> 5 mismatches | Indels","SOHLH1",NA,0.009
"1084149","> 5 mismatches | Indels","INF2",NA,0.009
"1084449","[1, 5] mismatches","ZNF423",NA,0.009
"1085173","[1, 5] mismatches","DST",NA,0.009
"1085270","[1, 5] mismatches","DHX38",NA,0.009
"1085327","[1, 5] mismatches","GAA",NA,0.009
"1085528","[1, 5] mismatches","CIITA",NA,0.009
"1085761","[1, 5] mismatches","ADA",NA,0.009
"1087414","[1, 5] mismatches","PLA2G6",NA,0.009
"1088716","[1, 5] mismatches","CNTNAP2",NA,0.009
"1088897","[1, 5] mismatches","NOTCH1",NA,0.009
"1089796","[1, 5] mismatches","DDC",NA,0.009
"1089981","[1, 5] mismatches","OCA2",NA,0.009
"1091260","[1, 5] mismatches","SLC4A11",NA,0.009
"1092252","[1, 5] mismatches","CDH3",NA,0.009
"1092713","[1, 5] mismatches","SLC52A3",NA,0.009
"1093088","[1, 5] mismatches","F13A1",NA,0.009
"1095452","[1, 5] mismatches","APC",NA,0.009
"1097390","[1, 5] mismatches","HADHA",NA,0.009
"1097828","[1, 5] mismatches","COL9A3",NA,0.009
"1097932","[1, 5] mismatches","ATP7B",NA,0.009
"1099809","[1, 5] mismatches","CHAT",NA,0.009
"1101187","> 5 mismatches | Indels","RAC2",NA,0.009
"1101606","[1, 5] mismatches","PYGM",NA,0.009
"1101717","[1, 5] mismatches","SLC52A2",NA,0.009
"1102670","[1, 5] mismatches","AGRN",NA,0.009
"1102795","[1, 5] mismatches","COL4A4",NA,0.009
"1104398","[1, 5] mismatches","EGFR",NA,0.009
"1105513","[1, 5] mismatches","MPI",NA,0.009
"1108427","[1, 5] mismatches","WDR45",NA,0.009
"1109341","[1, 5] mismatches","OBSL1",NA,0.009
"1109578","[1, 5] mismatches","MYO7A",NA,0.009
"1110613","[1, 5] mismatches","COL4A4",NA,0.009
"1110808","[1, 5] mismatches","SLC6A3",NA,0.009
"1112331","> 5 mismatches | Indels","NDUFS6",NA,0.009
"1112744","[1, 5] mismatches","MYLK",NA,0.009
"1113340","[1, 5] mismatches","ALPL",NA,0.009
"1116163","[1, 5] mismatches","RECQL4",NA,0.009
"1116245","[1, 5] mismatches","ADAMTS2",NA,0.009
"1116851","[1, 5] mismatches","COL27A1",NA,0.009
"1117268","> 5 mismatches | Indels","COL1A2",NA,0.009
"1117593","[1, 5] mismatches","VCAN",NA,0.009
"1118105","[1, 5] mismatches","TPP2",NA,0.009
"1121925","[1, 5] mismatches","DHX38",NA,0.009
"1122139","[1, 5] mismatches","COL6A1",NA,0.009
"1123312","[1, 5] mismatches","CIITA",NA,0.009
"1123931","[1, 5] mismatches","GABRD",NA,0.009
"1124443","[1, 5] mismatches","COL7A1",NA,0.009
"1125531","[1, 5] mismatches","RYR2",NA,0.009
"1125829","[1, 5] mismatches","CACNA1C",NA,0.009
"1126358","> 5 mismatches | Indels","SCN5A",NA,0.009
"1128552","[1, 5] mismatches","AXIN2",NA,0.009
"1128557","[1, 5] mismatches","CHRNA4",NA,0.009
"11288","[1, 5] mismatches","DMD",NA,0.009
"1129179","> 5 mismatches | Indels","KIT",NA,0.009
"1129964","[1, 5] mismatches","PDZD7",NA,0.009
"1130039","[1, 5] mismatches","SLC12A3",NA,0.009
"1130837","> 5 mismatches | Indels","SNX27",NA,0.009
"1132130","[1, 5] mismatches","GRM6",NA,0.009
"1134071","[1, 5] mismatches","IGHMBP2",NA,0.009
"1134395","[1, 5] mismatches","SLC12A5",NA,0.009
"1136174","[1, 5] mismatches","NLRP12",NA,0.009
"1136463","[1, 5] mismatches","CRB2",NA,0.009
"1137608","[1, 5] mismatches","HCN4",NA,0.009
"1140148","[1, 5] mismatches","ADIPOR1",NA,0.009
"1142643","[1, 5] mismatches","ABCD1",NA,0.009
"1142683","[1, 5] mismatches","NF1",NA,0.009
"1143704","[1, 5] mismatches","PRKCD",NA,0.009
"1144269","[1, 5] mismatches","JPH2",NA,0.009
"1144586","[1, 5] mismatches","COL27A1",NA,0.009
"1144836","[1, 5] mismatches","DST",NA,0.009
"1144934","[1, 5] mismatches","WRN",NA,0.009
"1147867","> 5 mismatches | Indels","SLC19A3",NA,0.009
"1148699","[1, 5] mismatches","SH3BP2",NA,0.009
"1149087","[1, 5] mismatches","CHD2",NA,0.009
"1150046","[1, 5] mismatches","COL6A2",NA,0.009
"1150445","[1, 5] mismatches","LAMB3",NA,0.009
"1152551","[1, 5] mismatches","PLCB1",NA,0.009
"1153137","[1, 5] mismatches","RBFOX1",NA,0.009
"1154713","> 5 mismatches | Indels","CNGB3",NA,0.009
"1155294","[1, 5] mismatches","JAGN1",NA,0.009
"1155329","[1, 5] mismatches","VPS35",NA,0.009
"1155710","[1, 5] mismatches","RECQL4",NA,0.009
"1156196","> 5 mismatches | Indels","RELB",NA,0.009
"1156499","[1, 5] mismatches","SYNE1",NA,0.009
"1156574","> 5 mismatches | Indels","CNTN2",NA,0.009
"1157803","[1, 5] mismatches","TUBGCP6",NA,0.009
"1159422","[1, 5] mismatches","COL5A1",NA,0.009
"1159839","[1, 5] mismatches","COL6A2",NA,0.009
"1161119","> 5 mismatches | Indels","GAA",NA,0.009
"1161128","[1, 5] mismatches","RECQL4",NA,0.009
"1162826","[1, 5] mismatches","PNPLA6",NA,0.009
"1163172","[1, 5] mismatches","SPTA1",NA,0.009
"1164610","[1, 5] mismatches","GAA",NA,0.009
"1169993","> 5 mismatches | Indels","CYBB",NA,0.009
"1172538","[1, 5] mismatches","PIP5K1C",NA,0.009
"1174306","[1, 5] mismatches","TNXB",NA,0.009
"1175149","[1, 5] mismatches","PLXND1",NA,0.009
"1175290","[1, 5] mismatches","PRPH2",NA,0.009
"1176543","[1, 5] mismatches","NUP205",NA,0.009
"1176647","[1, 5] mismatches","HYDIN",NA,0.009
"1176992","[1, 5] mismatches","VPS13C",NA,0.009
"1177441","[1, 5] mismatches","RTTN",NA,0.009
"1182641","[1, 5] mismatches","LZTR1",NA,0.009
"1183275","[1, 5] mismatches","CIT",NA,0.009
"1184863","[1, 5] mismatches","CCDC183",NA,0.009
"1184956","[1, 5] mismatches","NPTX1",NA,0.009
"1188133","[1, 5] mismatches","LAMB1",NA,0.009
"1191375","[1, 5] mismatches","WFS1",NA,0.009
"1192319","[1, 5] mismatches","TP73",NA,0.009
"1193594","[1, 5] mismatches","WFS1",NA,0.009
"1200067","[1, 5] mismatches","RYR1",NA,0.009
"1202188","[1, 5] mismatches","IFITM5",NA,0.009
"120325","[1, 5] mismatches","WWOX",NA,0.009
"1206418","[1, 5] mismatches","G6PD",NA,0.009
"1210245","[1, 5] mismatches","MED12",NA,0.009
"1211398","[1, 5] mismatches","OCA2",NA,0.009
"1213905","> 5 mismatches | Indels","RP1L1",NA,0.009
"1216646","[1, 5] mismatches","ITPR1",NA,0.009
"1218548","> 5 mismatches | Indels","NAA15",NA,0.009
"1220018","[1, 5] mismatches","KNL1",NA,0.009
"1220203","[1, 5] mismatches","SNX14",NA,0.009
"1256148","[1, 5] mismatches","HSPG2",NA,0.009
"126398","> 5 mismatches | Indels","RNASEH2A",NA,0.009
"126807","[1, 5] mismatches","RB1",0.002,0.009
"126836","> 5 mismatches | Indels","RB1",0.002,0.009
"127776","[1, 5] mismatches","PMS2",NA,0.009
"1285398","[1, 5] mismatches","FLT4",0.002,0.009
"1285570","[1, 5] mismatches","MORC2",NA,0.009
"12928","> 5 mismatches | Indels","ATP1A2",NA,0.009
"1298328","[1, 5] mismatches","TP53",0.008,0.009
"1301710","[1, 5] mismatches","LPIN2",NA,0.009
"1302718","[1, 5] mismatches","COL2A1",NA,0.009
"1303308","[1, 5] mismatches","DNM1",NA,0.009
"1303644","[1, 5] mismatches","LGI1",NA,0.009
"1305375","[1, 5] mismatches","IL17RD",NA,0.009
"1306866","> 5 mismatches | Indels","NEB",NA,0.009
"1306945","[1, 5] mismatches","TMEM231",NA,0.009
"1307293","[1, 5] mismatches","NEB",NA,0.009
"1307330","[1, 5] mismatches","GFAP",NA,0.009
"1307376","[1, 5] mismatches","LIG1",NA,0.009
"1308638","[1, 5] mismatches","ZDHHC9",NA,0.009
"1309565","[1, 5] mismatches","MYH9",NA,0.009
"1311598","[1, 5] mismatches","TNXB",NA,0.009
"1311669","[1, 5] mismatches","NSDHL",NA,0.009
"1312163","> 5 mismatches | Indels","GATA4",NA,0.009
"1312752","[1, 5] mismatches","SCN1A",NA,0.009
"1313090","[1, 5] mismatches","AXIN2",NA,0.009
"1314069","[1, 5] mismatches","GRIA3",NA,0.009
"1314566","[1, 5] mismatches","RTEL1",NA,0.009
"1315598","[1, 5] mismatches","WFS1",NA,0.009
"1315848","[1, 5] mismatches","MYH11",NA,0.009
"1315954","[1, 5] mismatches","COL5A1",NA,0.009
"1317109","[1, 5] mismatches","HARS1",NA,0.009
"1317125","[1, 5] mismatches","BGN",NA,0.009
"1318621","[1, 5] mismatches","HNF1A",0.002,0.009
"1318767","[1, 5] mismatches","WFS1",NA,0.009
"1321805","[1, 5] mismatches","USH2A",NA,0.009
"1321932","[1, 5] mismatches","HK1",NA,0.009
"1322654","[1, 5] mismatches","DMD",NA,0.009
"1323077","[1, 5] mismatches","HSPG2",NA,0.009
"1324164","[1, 5] mismatches","CPAMD8",NA,0.009
"132682","[1, 5] mismatches","KCNE1",NA,0.009
"1328353","> 5 mismatches | Indels","GJA8",NA,0.009
"1329437","[1, 5] mismatches","RYR2",NA,0.009
"1329565","[1, 5] mismatches","FAT4",NA,0.009
"133003","[1, 5] mismatches","RYR1",NA,0.009
"1332680","> 5 mismatches | Indels","RYR2",NA,0.009
"1333444","[1, 5] mismatches","SHOX",NA,0.009
"1333682","[1, 5] mismatches","ACTG1",NA,0.009
"1333741","[1, 5] mismatches","ATP2B3",NA,0.009
"1335225","[1, 5] mismatches","PLCG2",0.002,0.009
"1335233","[1, 5] mismatches","ANKRD11",NA,0.009
"1336008","[1, 5] mismatches","CIDEC",NA,0.009
"1336804","[1, 5] mismatches","FANCA",NA,0.009
"1337540","[1, 5] mismatches","NPHP4",NA,0.009
"1337787","[1, 5] mismatches","RPS26",NA,0.009
"1338048","[1, 5] mismatches","DYRK1B",NA,0.009
"1338915","> 5 mismatches | Indels","COL12A1",NA,0.009
"1338937","[1, 5] mismatches","HUWE1",NA,0.009
"1339269","[1, 5] mismatches","CDH11",NA,0.009
"1339541","[1, 5] mismatches","DNASE1L3",NA,0.009
"13410","[1, 5] mismatches","PRNP",NA,0.009
"134139","[1, 5] mismatches","ERCC4",0.004,0.009
"1341390","[1, 5] mismatches","GBE1",NA,0.009
"1343388","[1, 5] mismatches","CALR3",NA,0.009
"1343418","[1, 5] mismatches","DNMT3A",NA,0.009
"134909","[1, 5] mismatches","NOTCH1",0.002,0.009
"13675","[1, 5] mismatches","ALPL",NA,0.009
"13955","[1, 5] mismatches","RET",0.002,0.009
"141520","[1, 5] mismatches","ATM",NA,0.009
"142546","[1, 5] mismatches","CDH1",NA,0.009
"14346","[1, 5] mismatches","MPI",NA,0.009
"14657","[1, 5] mismatches","KRT5",NA,0.009
"14934","[1, 5] mismatches","HNF1A",0.004,0.009
"162036","[1, 5] mismatches","ABAT",NA,0.009
"163663","[1, 5] mismatches","HGF",0.008,0.009
"164826","> 5 mismatches | Indels","OTOA",NA,0.009
"166585","[1, 5] mismatches","WFS1",NA,0.009
"16716","[1, 5] mismatches","ETFB",NA,0.009
"177760","> 5 mismatches | Indels","USH2A",NA,0.009
"178132","[1, 5] mismatches","SCN5A",NA,0.009
"17837","[1, 5] mismatches","AQP2",NA,0.009
"178493","[1, 5] mismatches","MYO7A",NA,0.009
"178495","[1, 5] mismatches","MYO7A",NA,0.009
"179147","[1, 5] mismatches","WFS1",NA,0.009
"179410","[1, 5] mismatches","RYR2",NA,0.009
"180048","[1, 5] mismatches","PKP2",NA,0.009
"180167","[1, 5] mismatches","SOS1",0.004,0.009
"183372","[1, 5] mismatches","KMT2D",NA,0.009
"183933","[1, 5] mismatches","BRIP1",NA,0.009
"184127","> 5 mismatches | Indels","STK11",NA,0.009
"184497","[1, 5] mismatches","PMS2",NA,0.009
"184661","[1, 5] mismatches","MLH1",NA,0.009
"186057","[1, 5] mismatches","BRIP1",0.002,0.009
"186784","[1, 5] mismatches","BRCA2",0.002,0.009
"190237","[1, 5] mismatches","PHRF1",NA,0.009
"191053","[1, 5] mismatches","TRPM1",NA,0.009
"191755","[1, 5] mismatches","MYPN",NA,0.009
"196541","[1, 5] mismatches","RAI1",NA,0.009
"197082","[1, 5] mismatches","PCNT",NA,0.009
"197521","[1, 5] mismatches","DYSF",NA,0.009
"197677","[1, 5] mismatches","ALPL",NA,0.009
"198041","[1, 5] mismatches","COL5A1",NA,0.009
"199865","[1, 5] mismatches","DSP",NA,0.009
"201082","[1, 5] mismatches","MYH11",NA,0.009
"201101","[1, 5] mismatches","MYH11",NA,0.009
"201205","[1, 5] mismatches","RYR2",NA,0.009
"201489","[1, 5] mismatches","SCN5A",NA,0.009
"203176","[1, 5] mismatches","TTN",NA,0.009
"205036","[1, 5] mismatches","CHRNA4",NA,0.009
"205088","> 5 mismatches | Indels","CLN3",NA,0.009
"205096","> 5 mismatches | Indels","CLN3",NA,0.009
"206735","[1, 5] mismatches","SCN1A",NA,0.009
"207692","[1, 5] mismatches","TSC2",NA,0.009
"207956","[1, 5] mismatches","UBR4",NA,0.009
"211276","[1, 5] mismatches","KIF1A",NA,0.009
"213055","[1, 5] mismatches","COL5A1",NA,0.009
"213095","[1, 5] mismatches","COL5A2",NA,0.009
"213656","[1, 5] mismatches","MYOZ2",NA,0.009
"216419","[1, 5] mismatches","PROS1",NA,0.009
"216793","[1, 5] mismatches","BRIP1",0.002,0.009
"217657","[1, 5] mismatches","INPP5E",NA,0.009
"218095","[1, 5] mismatches","MPI",NA,0.009
"220187","[1, 5] mismatches","NF1",NA,0.009
"221565","[1, 5] mismatches","PMPCA",NA,0.009
"222650","[1, 5] mismatches","HFE",NA,0.009
"223208","[1, 5] mismatches","VHL",0.004,0.009
"223217","[1, 5] mismatches","VHL",NA,0.009
"224366","[1, 5] mismatches","RYR1",NA,0.009
"225517","[1, 5] mismatches","WWOX",NA,0.009
"225875","[1, 5] mismatches","C19orf12",NA,0.009
"227366","[1, 5] mismatches","ESRRB",NA,0.009
"228467","[1, 5] mismatches","CASQ2",NA,0.009
"230145","[1, 5] mismatches","BRCA2",0.002,0.009
"230250","[1, 5] mismatches","BRCA1",NA,0.009
"230486","[1, 5] mismatches","PMS2",NA,0.009
"232248","> 5 mismatches | Indels","ATM",0.004,0.009
"232370","[1, 5] mismatches","BRCA1",NA,0.009
"234162","[1, 5] mismatches","APC",0.002,0.009
"234286","[1, 5] mismatches","NLRP3",NA,0.009
"235092","[1, 5] mismatches","DISP1",NA,0.009
"237065","[1, 5] mismatches","FANCC",NA,0.009
"239328","[1, 5] mismatches","POLD1",NA,0.009
"240314","[1, 5] mismatches","PDGFRA",0.004,0.009
"240948","> 5 mismatches | Indels","SPAST",NA,0.009
"241953","[1, 5] mismatches","PRRT2",NA,0.009
"242392","[1, 5] mismatches","MYO7A",NA,0.009
"245825","[1, 5] mismatches","SCN9A",NA,0.009
"252709","[1, 5] mismatches","TDP2",NA,0.009
"25391","[1, 5] mismatches","SLC22A5",NA,0.009
"257927","[1, 5] mismatches","DNAH11",NA,0.009
"262294","[1, 5] mismatches","MYLK",NA,0.009
"263337","[1, 5] mismatches","FBN2",NA,0.009
"263563","[1, 5] mismatches","DSC2",NA,0.009
"265201","> 5 mismatches | Indels","ITPR1",NA,0.009
"265837","[1, 5] mismatches","RYR2",NA,0.009
"266328","[1, 5] mismatches","BRCA1",NA,0.009
"266943","[1, 5] mismatches","BRCA2",0.006,0.009
"27","[1, 5] mismatches","ABHD12",NA,0.009
"280068","[1, 5] mismatches","DYSF",NA,0.009
"280759","[1, 5] mismatches","CTLA4",NA,0.009
"283435","[1, 5] mismatches","SYNE2",NA,0.009
"283451","[1, 5] mismatches","POMT1",NA,0.009
"283594","[1, 5] mismatches","EVC",NA,0.009
"283949","[1, 5] mismatches","COL6A3",NA,0.009
"284563","[1, 5] mismatches","SMCHD1",NA,0.009
"284674","[1, 5] mismatches","TH",NA,0.009
"286285","[1, 5] mismatches","DHCR7",NA,0.009
"286688","[1, 5] mismatches","ADGRV1",NA,0.009
"286924","[1, 5] mismatches","DAG1",NA,0.009
"287322","[1, 5] mismatches","ZNF423",NA,0.009
"287906","[1, 5] mismatches","ITGA7",NA,0.009
"287934","[1, 5] mismatches","COL6A2",NA,0.009
"288024","[1, 5] mismatches","PEX1",NA,0.009
"288972","[1, 5] mismatches","GAA",NA,0.009
"289501","[1, 5] mismatches","DHCR7",NA,0.009
"290073","[1, 5] mismatches","FAH",NA,0.009
"290381","[1, 5] mismatches","BAAT",NA,0.009
"290609","[1, 5] mismatches","COL6A2",NA,0.009
"290727","> 5 mismatches | Indels","TTN",NA,0.009
"291052","[1, 5] mismatches","NPHP4",NA,0.009
"292472","> 5 mismatches | Indels","GJA8",NA,0.009
"293125","[1, 5] mismatches","ATP1A2",NA,0.009
"296748","[1, 5] mismatches","RYR2",NA,0.009
"29777","[1, 5] mismatches","KCNH2",NA,0.009
"297802","[1, 5] mismatches","NPHP4",NA,0.009
"299","[1, 5] mismatches","VWF",NA,0.009
"300094","[1, 5] mismatches","ERCC6",NA,0.009
"302510","[1, 5] mismatches","APOA1",NA,0.009
"3082","[1, 5] mismatches","ARSA",NA,0.009
"313435","[1, 5] mismatches","SIX6",NA,0.009
"315734","[1, 5] mismatches","SPRED1",NA,0.009
"31821","[1, 5] mismatches","MYPN",NA,0.009
"321079","[1, 5] mismatches","ABAT",NA,0.009
"3216","[1, 5] mismatches","FKTN",NA,0.009
"321812","> 5 mismatches | Indels","COX10",NA,0.009
"329005","[1, 5] mismatches","RYR1",NA,0.009
"329266","[1, 5] mismatches","PRX",NA,0.009
"329848","[1, 5] mismatches","TRPM4",NA,0.009
"330264","[1, 5] mismatches","TUBB4A",NA,0.009
"330281","[1, 5] mismatches","C3",NA,0.009
"331311","[1, 5] mismatches","TPO",NA,0.009
"331436","[1, 5] mismatches","NEB",NA,0.009
"333070","[1, 5] mismatches","COL3A1",NA,0.009
"335772","[1, 5] mismatches","XDH",NA,0.009
"336970","[1, 5] mismatches","DYSF",NA,0.009
"338878","[1, 5] mismatches","PCK1",NA,0.009
"340389","[1, 5] mismatches","COL6A2",NA,0.009
"343567","[1, 5] mismatches","XPC",NA,0.009
"345418","[1, 5] mismatches","SLC6A20",NA,0.009
"346305","[1, 5] mismatches","FLNB",NA,0.009
"349178","[1, 5] mismatches","EVC",NA,0.009
"349781","[1, 5] mismatches","FRAS1",NA,0.009
"350985","[1, 5] mismatches","KLHL3",NA,0.009
"352523","[1, 5] mismatches","NIPAL4",NA,0.009
"354464","[1, 5] mismatches","VCAN",NA,0.009
"356347","[1, 5] mismatches","SKIV2L",NA,0.009
"357453","[1, 5] mismatches","PKHD1",NA,0.009
"357945","[1, 5] mismatches","DSP",NA,0.009
"361287","> 5 mismatches | Indels","RP1L1",NA,0.009
"361880","[1, 5] mismatches","KCNQ3",NA,0.009
"362089","> 5 mismatches | Indels","TRAPPC9",NA,0.009
"36701","[1, 5] mismatches","PROP1",NA,0.009
"370843","[1, 5] mismatches","IVD",NA,0.009
"372330","[1, 5] mismatches","COL7A1",NA,0.009
"372993","> 5 mismatches | Indels","LZTR1",0.002,0.009
"37453","[1, 5] mismatches","BRCA1",NA,0.009
"374978","> 5 mismatches | Indels","TGFB2",NA,0.009
"375251","[1, 5] mismatches","ADA2",NA,0.009
"375419","[1, 5] mismatches","FSHB",NA,0.009
"376193","[1, 5] mismatches","MAP2K1",NA,0.009
"376684","[1, 5] mismatches","TP53",0.004,0.009
"377295","> 5 mismatches | Indels","CACNA1H",NA,0.009
"377673","[1, 5] mismatches","CHRNA4",NA,0.009
"377703","> 5 mismatches | Indels","CNTNAP2",NA,0.009
"377709","[1, 5] mismatches","CNTNAP2",NA,0.009
"379626","[1, 5] mismatches","DDC",NA,0.009
"379804","[1, 5] mismatches","OPHN1",NA,0.009
"381616","[1, 5] mismatches","COL3A1",NA,0.009
"381638","[1, 5] mismatches","ABCC6",NA,0.009
"383378","[1, 5] mismatches","KCNH2",NA,0.009
"383390","[1, 5] mismatches","ATP2B3",NA,0.009
"384649","[1, 5] mismatches","LAMA2",NA,0.009
"385","[1, 5] mismatches","CTSA",NA,0.009
"385134","[1, 5] mismatches","NDRG1",NA,0.009
"385185","[1, 5] mismatches","ACVRL1",NA,0.009
"385849","> 5 mismatches | Indels","ATM",NA,0.009
"386237","[1, 5] mismatches","KCNT1",NA,0.009
"386471","[1, 5] mismatches","COL6A3",NA,0.009
"388197","[1, 5] mismatches","PYGM",NA,0.009
"388367","[1, 5] mismatches","DNMT1",NA,0.009
"388636","[1, 5] mismatches","AMACR",NA,0.009
"390766","> 5 mismatches | Indels","WASHC5",NA,0.009
"391090","[1, 5] mismatches","WFS1",NA,0.009
"39157","[1, 5] mismatches","LRRK2",NA,0.009
"392090","[1, 5] mismatches","HCN4",NA,0.009
"392506","> 5 mismatches | Indels","SPG7",NA,0.009
"40302","[1, 5] mismatches","WNT7A",NA,0.009
"403802","[1, 5] mismatches","MEN1",0.002,0.009
"404119","[1, 5] mismatches","HCN4",NA,0.009
"404385","[1, 5] mismatches","ALK",0.006,0.009
"406901","[1, 5] mismatches","RECQL4",0.002,0.009
"407302","[1, 5] mismatches","DNAH8",NA,0.009
"408159","[1, 5] mismatches","FANCE",NA,0.009
"409909","[1, 5] mismatches","DMD",NA,0.009
"411201","> 5 mismatches | Indels","GBA2",NA,0.009
"411234","[1, 5] mismatches","TSC1",0.002,0.009
"411611","> 5 mismatches | Indels","SDHAF2",NA,0.009
"413603","[1, 5] mismatches","NPHP4",NA,0.009
"413817","[1, 5] mismatches","A2ML1",NA,0.009
"414517","[1, 5] mismatches","PDGFRA",NA,0.009
"415971","[1, 5] mismatches","MED13L",NA,0.009
"416240","[1, 5] mismatches","CALR3",NA,0.009
"416614","[1, 5] mismatches","DES",NA,0.009
"417221","[1, 5] mismatches","KCNT1",NA,0.009
"41795","[1, 5] mismatches","PDGFRA",NA,0.009
"418098","[1, 5] mismatches","BRIP1",NA,0.009
"418693","[1, 5] mismatches","TP53",0.004,0.009
"420107","[1, 5] mismatches","CASR",NA,0.009
"420752","[1, 5] mismatches","GABRA1",NA,0.009
"421023","[1, 5] mismatches","CACNA1A",NA,0.009
"421515","[1, 5] mismatches","AXIN2",0.006,0.009
"422493","[1, 5] mismatches","BARD1",NA,0.009
"423895","[1, 5] mismatches","DNMT1",NA,0.009
"424296","[1, 5] mismatches","LAMA4",NA,0.009
"424329","> 5 mismatches | Indels","BRWD3",NA,0.009
"425292","[1, 5] mismatches","SCN11A",NA,0.009
"425381","[1, 5] mismatches","DST",NA,0.009
"428664","[1, 5] mismatches","RB1",0.008,0.009
"428715","[1, 5] mismatches","RB1",0.004,0.009
"428761","[1, 5] mismatches","STK11",0.004,0.009
"429284","[1, 5] mismatches","MYLK",NA,0.009
"430141","[1, 5] mismatches","ERMARD",NA,0.009
"430867","[1, 5] mismatches","SGPL1",NA,0.009
"431894","[1, 5] mismatches","MYBPC3",NA,0.009
"432318","[1, 5] mismatches","TRIOBP",NA,0.009
"432830","> 5 mismatches | Indels","PINK1",NA,0.009
"43310","[1, 5] mismatches","MYO7A",NA,0.009
"433112","[1, 5] mismatches","SPTAN1",NA,0.009
"433621","[1, 5] mismatches","APC",0.008,0.009
"434773","[1, 5] mismatches","CLIC2",NA,0.009
"435682","[1, 5] mismatches","KPTN",NA,0.009
"4377","[1, 5] mismatches","NLRP3",NA,0.009
"438126","[1, 5] mismatches","CACNA1F",NA,0.009
"438713","[1, 5] mismatches","MYO15A",NA,0.009
"444291","[1, 5] mismatches","SCN8A",NA,0.009
"447404","[1, 5] mismatches","GCK",NA,0.009
"449598","> 5 mismatches | Indels","CLN3",NA,0.009
"449959","[1, 5] mismatches","ALMS1",NA,0.009
"450166","[1, 5] mismatches","WDR62",NA,0.009
"452125","> 5 mismatches | Indels","RP1L1",NA,0.009
"452333","[1, 5] mismatches","IFT172",NA,0.009
"452680","[1, 5] mismatches","HFE",NA,0.009
"453471","> 5 mismatches | Indels","ATM",NA,0.009
"454329","[1, 5] mismatches","MYBPC3",NA,0.009
"454947","> 5 mismatches | Indels","RSPH1",NA,0.009
"454987","[1, 5] mismatches","DRC1",NA,0.009
"456411","[1, 5] mismatches","GAA",NA,0.009
"457850","[1, 5] mismatches","NF1",NA,0.009
"457949","> 5 mismatches | Indels","CLN3",NA,0.009
"458917","> 5 mismatches | Indels","KIT",0.004,0.009
"459234","[1, 5] mismatches","FKRP",NA,0.009
"459402","> 5 mismatches | Indels","RECQL4",NA,0.009
"459480","[1, 5] mismatches","RECQL4",NA,0.009
"461623","[1, 5] mismatches","SGCG",NA,0.009
"461768","[1, 5] mismatches","B9D2",NA,0.009
"461866","[1, 5] mismatches","RYR3",NA,0.009
"461883","[1, 5] mismatches","RYR3",NA,0.009
"464420","[1, 5] mismatches","PKP2",NA,0.009
"465584","[1, 5] mismatches","NEB",NA,0.009
"466100","[1, 5] mismatches","TSC1",NA,0.009
"466355","[1, 5] mismatches","CD247",NA,0.009
"467888","[1, 5] mismatches","TSC2",NA,0.009
"468619","[1, 5] mismatches","PRRT2",NA,0.009
"469005","[1, 5] mismatches","CDKN1B",NA,0.009
"469712","[1, 5] mismatches","APC",0.006,0.009
"470580","[1, 5] mismatches","ITGA7",NA,0.009
"471146","[1, 5] mismatches","SCN9A",NA,0.009
"471147","[1, 5] mismatches","SCN9A",NA,0.009
"471290","[1, 5] mismatches","DYSF",NA,0.009
"472796","[1, 5] mismatches","LRSAM1",NA,0.009
"472817","[1, 5] mismatches","EFEMP2",NA,0.009
"473221","[1, 5] mismatches","PIGO",NA,0.009
"475043","> 5 mismatches | Indels","POT1",NA,0.009
"47565","> 5 mismatches | Indels","TTN",NA,0.009
"475876","[1, 5] mismatches","COL12A1",NA,0.009
"476237","[1, 5] mismatches","CACNA1A",NA,0.009
"476615","[1, 5] mismatches","SLC52A3",NA,0.009
"476616","[1, 5] mismatches","SLC52A3",NA,0.009
"477005","[1, 5] mismatches","CHRNA4",NA,0.009
"477270","[1, 5] mismatches","DICER1",NA,0.009
"479806","[1, 5] mismatches","MSH2",0.002,0.009
"482743","> 5 mismatches | Indels","ATM",NA,0.009
"484076","> 5 mismatches | Indels","NF1",0.004,0.009
"484158","[1, 5] mismatches","NF1",NA,0.009
"485021","[1, 5] mismatches","STK11",NA,0.009
"486154","[1, 5] mismatches","POT1",NA,0.009
"486367","[1, 5] mismatches","SDHA",0.004,0.009
"4875","[1, 5] mismatches","HSD17B3",NA,0.009
"487632","[1, 5] mismatches","TGFBR2",0.004,0.009
"489087","[1, 5] mismatches","ALDH18A1",NA,0.009
"495749","[1, 5] mismatches","MEFV",NA,0.009
"495882","[1, 5] mismatches","ALPL",NA,0.009
"495899","[1, 5] mismatches","CFTR",NA,0.009
"496001","[1, 5] mismatches","HBB",NA,0.009
"496567","> 5 mismatches | Indels","PCSK9",NA,0.009
"497839","[1, 5] mismatches","COL6A3",NA,0.009
"498087","[1, 5] mismatches","COG7",NA,0.009
"498267","[1, 5] mismatches","CAPN3",NA,0.009
"499167","[1, 5] mismatches","PCDH15",NA,0.009
"500203","[1, 5] mismatches","TMEM216",NA,0.009
"500481","[1, 5] mismatches","TTN",NA,0.009
"5015","[1, 5] mismatches","ALX4",NA,0.009
"501781","[1, 5] mismatches","SYNE1",NA,0.009
"502333","[1, 5] mismatches","ALDOB",NA,0.009
"504364","[1, 5] mismatches","TMEM231",NA,0.009
"507159","[1, 5] mismatches","SCO2",NA,0.009
"507921","[1, 5] mismatches","BRIP1",NA,0.009
"508989","[1, 5] mismatches","PRDM16",NA,0.009
"512471","[1, 5] mismatches","WWOX",NA,0.009
"517509","[1, 5] mismatches","TP53",0.008,0.009
"517522","[1, 5] mismatches","MYO7A",NA,0.009
"518801","[1, 5] mismatches","SCN5A",NA,0.009
"519270","[1, 5] mismatches","CACNA1C",NA,0.009
"520138","[1, 5] mismatches","PRKG1",NA,0.009
"520701","> 5 mismatches | Indels","NMNAT2",NA,0.009
"52112","[1, 5] mismatches","BRCA2",NA,0.009
"52326","[1, 5] mismatches","BRCA2",0.004,0.009
"524580","[1, 5] mismatches","PTCH2",NA,0.009
"524816","[1, 5] mismatches","BLM",NA,0.009
"526899","[1, 5] mismatches","COL1A2",NA,0.009
"528216","[1, 5] mismatches","WRN",NA,0.009
"529024","[1, 5] mismatches","RECQL4",0.006,0.009
"529092","[1, 5] mismatches","RECQL4",NA,0.009
"53091","[1, 5] mismatches","KCNQ1",NA,0.009
"53101","[1, 5] mismatches","KCNQ1",NA,0.009
"531613","[1, 5] mismatches","NOD2",NA,0.009
"531630","[1, 5] mismatches","INVS",NA,0.009
"532316","[1, 5] mismatches","RYR2",NA,0.009
"532553","> 5 mismatches | Indels","HNRNPU",NA,0.009
"532621","[1, 5] mismatches","CASR",NA,0.009
"532962","[1, 5] mismatches","SMARCB1",0.008,0.009
"533146","[1, 5] mismatches","AXIN2",0.004,0.009
"533204","[1, 5] mismatches","AXIN2",NA,0.009
"533435","[1, 5] mismatches","TNPO3",NA,0.009
"535813","[1, 5] mismatches","CARD9",NA,0.009
"538134","[1, 5] mismatches","RETREG1",NA,0.009
"538468","[1, 5] mismatches","SCN9A",NA,0.009
"540050","[1, 5] mismatches","INF2",NA,0.009
"541071","[1, 5] mismatches","CACNA1S",NA,0.009
"541184","> 5 mismatches | Indels","AGRN",NA,0.009
"543026","[1, 5] mismatches","COL6A2",NA,0.009
"544054","[1, 5] mismatches","SCN2B",NA,0.009
"544148","[1, 5] mismatches","QARS1",NA,0.009
"54430","[1, 5] mismatches","BRCA1",NA,0.009
"545109","[1, 5] mismatches","IL17RD",NA,0.009
"546431","[1, 5] mismatches","CACNA1A",NA,0.009
"546854","[1, 5] mismatches","MBOAT7",NA,0.009
"551022","[1, 5] mismatches","F11",NA,0.009
"55114","> 5 mismatches | Indels","BRCA1",NA,0.009
"55145","[1, 5] mismatches","BRCA1",0.002,0.009
"551832","[1, 5] mismatches","PYGM",NA,0.009
"55219","[1, 5] mismatches","BRCA1",NA,0.009
"55361","[1, 5] mismatches","BRCA1",0.002,0.009
"55818","[1, 5] mismatches","EOGT",NA,0.009
"55911","[1, 5] mismatches","TCF12",NA,0.009
"55922","> 5 mismatches | Indels","LGR4",NA,0.009
"560869","[1, 5] mismatches","RET",NA,0.009
"56088","[1, 5] mismatches","GLDC",NA,0.009
"56093","[1, 5] mismatches","GLDC",NA,0.009
"56102","[1, 5] mismatches","GLDC",NA,0.009
"565613","[1, 5] mismatches","ELP1",NA,0.009
"56589","[1, 5] mismatches","POMGNT1",NA,0.009
"566223","> 5 mismatches | Indels","NPC1",NA,0.009
"567843","[1, 5] mismatches","COL12A1",NA,0.009
"569055","[1, 5] mismatches","CARD14",NA,0.009
"569414","[1, 5] mismatches","VHL",0.006,0.009
"570054","[1, 5] mismatches","ALK",NA,0.009
"570853","[1, 5] mismatches","MYLK",NA,0.009
"572820","[1, 5] mismatches","DNAAF2",NA,0.009
"573459","[1, 5] mismatches","LGI1",NA,0.009
"574515","[1, 5] mismatches","WWOX",NA,0.009
"575352","[1, 5] mismatches","RECQL4",0.006,0.009
"577162","[1, 5] mismatches","DNAH11",NA,0.009
"577338","[1, 5] mismatches","GAA",NA,0.009
"577967","> 5 mismatches | Indels","CHD7",NA,0.009
"578294","[1, 5] mismatches","BRCA2",NA,0.009
"578788","[1, 5] mismatches","DNMT3B",0.002,0.009
"578839","> 5 mismatches | Indels","DNAH5",NA,0.009
"579273","[1, 5] mismatches","PDGFRA",0.002,0.009
"579479","[1, 5] mismatches","HCN4",NA,0.009
"581993","[1, 5] mismatches","MUSK",NA,0.009
"582453","[1, 5] mismatches","SCN8A",NA,0.009
"584922","[1, 5] mismatches","TP53",0.002,0.009
"586004","[1, 5] mismatches","HSPG2",NA,0.009
"586940","[1, 5] mismatches","WDR62",NA,0.009
"587881","> 5 mismatches | Indels","LINS1",NA,0.009
"589258","[1, 5] mismatches","CACNA1A",NA,0.009
"589593","[1, 5] mismatches","SCN8A",NA,0.009
"590484","[1, 5] mismatches","RYR1",NA,0.009
"590504","[1, 5] mismatches","RYR1",NA,0.009
"590510","[1, 5] mismatches","RYR1",NA,0.009
"591808","[1, 5] mismatches","MYH9",NA,0.009
"592108","[1, 5] mismatches","SLC9A3",NA,0.009
"592987","[1, 5] mismatches","WFS1",NA,0.009
"594191","[1, 5] mismatches","TTN",NA,0.009
"594806","[1, 5] mismatches","PEX10",NA,0.009
"595190","> 5 mismatches | Indels","PEX5",NA,0.009
"597028","[1, 5] mismatches","HSPG2",NA,0.009
"598167","[1, 5] mismatches","MPV17",NA,0.009
"618771","> 5 mismatches | Indels","OTOA",NA,0.009
"620602","[1, 5] mismatches","SUFU",NA,0.009
"623674","[1, 5] mismatches","KIF1B",NA,0.009
"623899","[1, 5] mismatches","NAGLU",NA,0.009
"624376","[1, 5] mismatches","COL5A1",NA,0.009
"625249","[1, 5] mismatches","VHL",NA,0.009
"626868","[1, 5] mismatches","NOTCH1",0.008,0.009
"627142","[1, 5] mismatches","F11",NA,0.009
"627417","[1, 5] mismatches","HUWE1",NA,0.009
"628446","[1, 5] mismatches","APC",NA,0.009
"628649","[1, 5] mismatches","SCN5A",NA,0.009
"629086","[1, 5] mismatches","APC",NA,0.009
"629573","[1, 5] mismatches","RYR2",NA,0.009
"633793","[1, 5] mismatches","TGM1",NA,0.009
"634446","> 5 mismatches | Indels","SULT1A1",NA,0.009
"634859","[1, 5] mismatches","CYP2C19",NA,0.009
"6352","[1, 5] mismatches","SCN9A",NA,0.009
"636040","[1, 5] mismatches","MAK",NA,0.009
"636223","> 5 mismatches | Indels","PROM1",NA,0.009
"637361","[1, 5] mismatches","MPZ",NA,0.009
"639931","[1, 5] mismatches","CASR",NA,0.009
"640126","[1, 5] mismatches","SPRED1",NA,0.009
"640172","[1, 5] mismatches","VCL",NA,0.009
"642797","[1, 5] mismatches","POT1",NA,0.009
"644391","[1, 5] mismatches","BRCA1",NA,0.009
"64468","[1, 5] mismatches","ACLY",NA,0.009
"644987","[1, 5] mismatches","SMAD3",0.004,0.009
"645108","[1, 5] mismatches","VPS13B",NA,0.009
"645336","[1, 5] mismatches","GAA",NA,0.009
"645401","[1, 5] mismatches","BRCA2",NA,0.009
"646283","> 5 mismatches | Indels","WRN",NA,0.009
"646334","[1, 5] mismatches","JAK3",0.004,0.009
"646917","[1, 5] mismatches","PDGFRA",NA,0.009
"646991","[1, 5] mismatches","NLRP12",NA,0.009
"647781","[1, 5] mismatches","MFN2",NA,0.009
"648258","[1, 5] mismatches","ALMS1",NA,0.009
"648395","[1, 5] mismatches","COL6A2",NA,0.009
"649596","[1, 5] mismatches","SDCCAG8",NA,0.009
"650280","[1, 5] mismatches","TH",NA,0.009
"651397","[1, 5] mismatches","ALK",NA,0.009
"651856","[1, 5] mismatches","CCDC78",NA,0.009
"654130","[1, 5] mismatches","RYR1",NA,0.009
"654349","[1, 5] mismatches","GARS1",NA,0.009
"654414","[1, 5] mismatches","SEMA3E",NA,0.009
"655259","[1, 5] mismatches","ATP1A2",NA,0.009
"656122","[1, 5] mismatches","JUP",NA,0.009
"656510","[1, 5] mismatches","NOTCH1",NA,0.009
"656918","[1, 5] mismatches","EYS",NA,0.009
"657027","[1, 5] mismatches","LPIN2",NA,0.009
"657151","[1, 5] mismatches","SCN9A",NA,0.009
"657280","[1, 5] mismatches","TNFRSF13C",NA,0.009
"659357","[1, 5] mismatches","SPTAN1",NA,0.009
"659420","[1, 5] mismatches","JMJD1C",NA,0.009
"66099","[1, 5] mismatches","ATP13A2",NA,0.009
"661628","[1, 5] mismatches","DMD",NA,0.009
"662828","[1, 5] mismatches","NEB",NA,0.009
"663091","[1, 5] mismatches","BTK",NA,0.009
"665202","[1, 5] mismatches","LYST",NA,0.009
"665903","[1, 5] mismatches","CHRNA4",NA,0.009
"666967","[1, 5] mismatches","FAT4",NA,0.009
"668433","[1, 5] mismatches","MCM2",NA,0.009
"67212","[1, 5] mismatches","KCNH2",NA,0.009
"67281","[1, 5] mismatches","KCNH2",NA,0.009
"681517","[1, 5] mismatches","CHRNA4",NA,0.009
"682352","[1, 5] mismatches","WFS1",NA,0.009
"682538","[1, 5] mismatches","SLC7A7",NA,0.009
"684702","[1, 5] mismatches","NALCN",NA,0.009
"689684","[1, 5] mismatches","PICALM",NA,0.009
"689697","[1, 5] mismatches","DSCAML1",NA,0.009
"692043","[1, 5] mismatches","FLT4",0.008,0.009
"696752","[1, 5] mismatches","RYR1",NA,0.009
"696989","> 5 mismatches | Indels","RYR1",NA,0.009
"697775","[1, 5] mismatches","VPS13A",NA,0.009
"697912","[1, 5] mismatches","TTN",NA,0.009
"698204","[1, 5] mismatches","COL5A1",NA,0.009
"699163","[1, 5] mismatches","PTCH2",NA,0.009
"699281","[1, 5] mismatches","CALR3",NA,0.009
"699985","[1, 5] mismatches","NEK8",NA,0.009
"700071","[1, 5] mismatches","MYH11",NA,0.009
"700648","> 5 mismatches | Indels","GATA4",NA,0.009
"700768","[1, 5] mismatches","RECQL4",NA,0.009
"701056","[1, 5] mismatches","TUBB4A",NA,0.009
"701394","[1, 5] mismatches","INPP5E",NA,0.009
"701513","[1, 5] mismatches","MKS1",NA,0.009
"701711","[1, 5] mismatches","DNAH5",NA,0.009
"702397","[1, 5] mismatches","TH",NA,0.009
"702679","[1, 5] mismatches","PLCB1",NA,0.009
"702960","[1, 5] mismatches","PRDM16",NA,0.009
"703763","[1, 5] mismatches","DNAH5",NA,0.009
"704179","> 5 mismatches | Indels","MBD5",NA,0.009
"704260","[1, 5] mismatches","RYR1",NA,0.009
"704473","[1, 5] mismatches","LRP4",NA,0.009
"704762","[1, 5] mismatches","KCNE1",NA,0.009
"705034","[1, 5] mismatches","SGCG",NA,0.009
"705675","[1, 5] mismatches","COL5A1",NA,0.009
"706772","[1, 5] mismatches","SCN11A",NA,0.009
"707148","[1, 5] mismatches","COL1A1",NA,0.009
"707745","[1, 5] mismatches","RRAS",NA,0.009
"712650","> 5 mismatches | Indels","CSF3",NA,0.009
"714222","[1, 5] mismatches","TTC21B",NA,0.009
"717481","[1, 5] mismatches","COL4A2",NA,0.009
"719419","[1, 5] mismatches","CACNA1D",NA,0.009
"719481","[1, 5] mismatches","BCKDHA",NA,0.009
"722016","> 5 mismatches | Indels","DMD",NA,0.009
"722051","[1, 5] mismatches","ROBO1",NA,0.009
"722651","[1, 5] mismatches","PLXND1",NA,0.009
"724879","[1, 5] mismatches","COL6A6",NA,0.009
"726355","[1, 5] mismatches","ROR2",NA,0.009
"727962","[1, 5] mismatches","MYH3",NA,0.009
"729978","[1, 5] mismatches","NOD2",NA,0.009
"731337","[1, 5] mismatches","RAC2",NA,0.009
"733170","[1, 5] mismatches","FBN1",NA,0.009
"735632","> 5 mismatches | Indels","EP400",NA,0.009
"736000","[1, 5] mismatches","DISC1",NA,0.009
"736536","[1, 5] mismatches","MAN1B1",NA,0.009
"738581","[1, 5] mismatches","COG8",NA,0.009
"739319","[1, 5] mismatches","LARS1",NA,0.009
"741252","[1, 5] mismatches","ZNF335",NA,0.009
"741253","[1, 5] mismatches","GNB1L",NA,0.009
"745038","[1, 5] mismatches","LDHB",NA,0.009
"746034","[1, 5] mismatches","ISG20",NA,0.009
"746055","[1, 5] mismatches","FAT4",NA,0.009
"746205","[1, 5] mismatches","IGF2",NA,0.009
"747443","[1, 5] mismatches","FKRP",NA,0.009
"747814","[1, 5] mismatches","CARD14",NA,0.009
"748432","[1, 5] mismatches","TSHB",NA,0.009
"748963","[1, 5] mismatches","ADCY8",NA,0.009
"751434","[1, 5] mismatches","NOS3",NA,0.009
"751602","[1, 5] mismatches","CACNA1C",NA,0.009
"751945","[1, 5] mismatches","SLC6A19",NA,0.009
"752174","[1, 5] mismatches","RNF168",NA,0.009
"752301","[1, 5] mismatches","LAMA5",NA,0.009
"752810","[1, 5] mismatches","FN1",NA,0.009
"753119","[1, 5] mismatches","KCNK9",NA,0.009
"753212","[1, 5] mismatches","TTN",NA,0.009
"753374","[1, 5] mismatches","F5",NA,0.009
"754086","[1, 5] mismatches","TECTA",NA,0.009
"754771","[1, 5] mismatches","ASNS",NA,0.009
"755585","[1, 5] mismatches","NFKB2",NA,0.009
"755732","[1, 5] mismatches","CHD2",NA,0.009
"755881","[1, 5] mismatches","RFX5",NA,0.009
"757035","> 5 mismatches | Indels","CACNA1H",NA,0.009
"757259","[1, 5] mismatches","SLC12A5",NA,0.009
"757899","[1, 5] mismatches","PIGG",NA,0.009
"759198","[1, 5] mismatches","BLM",NA,0.009
"759603","> 5 mismatches | Indels","CNGA2",NA,0.009
"760904","[1, 5] mismatches","MSH3",NA,0.009
"761237","[1, 5] mismatches","AHNAK",NA,0.009
"761686","[1, 5] mismatches","GABRD",NA,0.009
"763416","[1, 5] mismatches","CNGB3",NA,0.009
"763491","[1, 5] mismatches","VAMP1",NA,0.009
"764787","[1, 5] mismatches","ANK1",NA,0.009
"766193","[1, 5] mismatches","SLC52A3",NA,0.009
"766267","[1, 5] mismatches","FTCD",NA,0.009
"767289","[1, 5] mismatches","RYR3",NA,0.009
"772962","[1, 5] mismatches","EVC",NA,0.009
"783118","[1, 5] mismatches","GLI2",NA,0.009
"784678","> 5 mismatches | Indels","RTEL1",NA,0.009
"788330","[1, 5] mismatches","PINK1",NA,0.009
"788711","[1, 5] mismatches","ADAMTS17",NA,0.009
"789246","> 5 mismatches | Indels","PLCB1",NA,0.009
"7907","[1, 5] mismatches","ABCA4",NA,0.009
"792669","[1, 5] mismatches","KCNH2",NA,0.009
"792827","[1, 5] mismatches","COL4A2",NA,0.009
"792922","[1, 5] mismatches","HCFC1",NA,0.009
"792993","> 5 mismatches | Indels","WDR45B",NA,0.009
"793441","[1, 5] mismatches","MMP9",NA,0.009
"793563","[1, 5] mismatches","CSF1R",NA,0.009
"794413","[1, 5] mismatches","MPI",NA,0.009
"794440","> 5 mismatches | Indels","NRXN1",NA,0.009
"795333","[1, 5] mismatches","HOGA1",NA,0.009
"795751","[1, 5] mismatches","CARD11",NA,0.009
"795865","[1, 5] mismatches","AGBL5",NA,0.009
"797144","[1, 5] mismatches","PLCB1",NA,0.009
"798534","[1, 5] mismatches","IL2RA",NA,0.009
"799959","[1, 5] mismatches","DHCR7",NA,0.009
"800340","[1, 5] mismatches","RECQL4",0.004,0.009
"802705","> 5 mismatches | Indels","MYO7A",NA,0.009
"803319","[1, 5] mismatches","CTC1",NA,0.009
"805105","[1, 5] mismatches","OTOF",NA,0.009
"806830","> 5 mismatches | Indels","MFAP5",NA,0.009
"808532","[1, 5] mismatches","RYR1",NA,0.009
"809415","[1, 5] mismatches","MTMR14",NA,0.009
"810720","[1, 5] mismatches","COL6A6",NA,0.009
"811685","[1, 5] mismatches","KCNK3",NA,0.009
"813231","[1, 5] mismatches","RPGR",NA,0.009
"816974","[1, 5] mismatches","CLTC",NA,0.009
"818478","[1, 5] mismatches","TSC2",0.002,0.009
"819135","[1, 5] mismatches","NF1",0.008,0.009
"819869","[1, 5] mismatches","APC",NA,0.009
"823698","[1, 5] mismatches","BRIP1",NA,0.009
"824545","[1, 5] mismatches","BLM",0.002,0.009
"826051","[1, 5] mismatches","TP53",0.008,0.009
"826491","> 5 mismatches | Indels","ATM",NA,0.009
"826915","[1, 5] mismatches","CTRC",NA,0.009
"829915","[1, 5] mismatches","SALL1",NA,0.009
"829921","[1, 5] mismatches","COL4A3",NA,0.009
"834782","> 5 mismatches | Indels","MYH7",NA,0.009
"836262","[1, 5] mismatches","SPATA5",NA,0.009
"837016","[1, 5] mismatches","NGLY1",NA,0.009
"840306","[1, 5] mismatches","WDR45",NA,0.009
"840749","[1, 5] mismatches","ADAM17",NA,0.009
"841158","[1, 5] mismatches","TUBGCP6",NA,0.009
"841480","[1, 5] mismatches","MLH1",NA,0.009
"842795","[1, 5] mismatches","AXIN2",NA,0.009
"843044","[1, 5] mismatches","COL5A1",NA,0.009
"843050","[1, 5] mismatches","PREPL",NA,0.009
"843386","[1, 5] mismatches","CDKN1B",0.006,0.009
"843843","[1, 5] mismatches","A2ML1",NA,0.009
"844274","[1, 5] mismatches","ITGA7",NA,0.009
"844800","[1, 5] mismatches","DMD",NA,0.009
"844815","[1, 5] mismatches","CYBA",NA,0.009
"845297","[1, 5] mismatches","SCN10A",NA,0.009
"845589","[1, 5] mismatches","SETX",NA,0.009
"847812","[1, 5] mismatches","BBS4",NA,0.009
"847960","[1, 5] mismatches","NLRP12",NA,0.009
"849061","[1, 5] mismatches","MYLK",NA,0.009
"849397","[1, 5] mismatches","RET",NA,0.009
"850147","[1, 5] mismatches","RLBP1",NA,0.009
"850733","[1, 5] mismatches","FOXN1",NA,0.009
"850979","[1, 5] mismatches","RTEL1",0.004,0.009
"851824","[1, 5] mismatches","DOCK8",NA,0.009
"8557","[1, 5] mismatches","NR3C2",NA,0.009
"856338","[1, 5] mismatches","STK11",NA,0.009
"857065","> 5 mismatches | Indels","SLC25A12",NA,0.009
"858266","[1, 5] mismatches","ALK",0.002,0.009
"860168","[1, 5] mismatches","P3H2",NA,0.009
"860642","> 5 mismatches | Indels","TRPM4",NA,0.009
"861450","[1, 5] mismatches","AGBL5",NA,0.009
"861612","[1, 5] mismatches","ERCC4",0.002,0.009
"861988","[1, 5] mismatches","ATRX",0.002,0.009
"862413","[1, 5] mismatches","SLC2A1",NA,0.009
"863030","[1, 5] mismatches","AXIN2",0.002,0.009
"863523","[1, 5] mismatches","COL5A1",NA,0.009
"864639","> 5 mismatches | Indels","TNNT1",NA,0.009
"866270","> 5 mismatches | Indels","INPP5E",NA,0.009
"867054","[1, 5] mismatches","AHI1",NA,0.009
"867190","> 5 mismatches | Indels","RP1L1",NA,0.009
"868686","[1, 5] mismatches","BRCA1",NA,0.009
"868843","[1, 5] mismatches","BRCA1",NA,0.009
"869053","[1, 5] mismatches","BRCA1",NA,0.009
"870813","[1, 5] mismatches","CDH1",0.006,0.009
"872388","[1, 5] mismatches","NPC1",NA,0.009
"872513","[1, 5] mismatches","MPZ",NA,0.009
"873236","[1, 5] mismatches","ERBB4",0.008,0.009
"873831","[1, 5] mismatches","LYST",NA,0.009
"874022","> 5 mismatches | Indels","COL11A1",NA,0.009
"874177","[1, 5] mismatches","ZMPSTE24",NA,0.009
"874254","> 5 mismatches | Indels","GJA8",NA,0.009
"874325","[1, 5] mismatches","LAMB3",NA,0.009
"874663","[1, 5] mismatches","SERPINC1",NA,0.009
"875265","[1, 5] mismatches","UROD",NA,0.009
"875816","[1, 5] mismatches","HSPG2",NA,0.009
"876375","[1, 5] mismatches","ATP13A2",NA,0.009
"877530","[1, 5] mismatches","OAT",NA,0.009
"879402","[1, 5] mismatches","TECTA",NA,0.009
"8810","[1, 5] mismatches","BMPR2",NA,0.009
"882780","[1, 5] mismatches","FREM2",NA,0.009
"884191","[1, 5] mismatches","COL4A1",NA,0.009
"886156","[1, 5] mismatches","SCNN1G",NA,0.009
"886466","[1, 5] mismatches","CIITA",NA,0.009
"888402","[1, 5] mismatches","OCA2",NA,0.009
"888818","> 5 mismatches | Indels","FKBP10",NA,0.009
"888982","[1, 5] mismatches","MYO5B",NA,0.009
"890512","[1, 5] mismatches","TRPV3",NA,0.009
"890829","> 5 mismatches | Indels","PRKCSH",NA,0.009
"892294","[1, 5] mismatches","GPR179",NA,0.009
"894163","[1, 5] mismatches","TPO",NA,0.009
"895722","[1, 5] mismatches","SLC3A1",NA,0.009
"898877","[1, 5] mismatches","OBSL1",NA,0.009
"898961","[1, 5] mismatches","PCARE",NA,0.009
"899497","[1, 5] mismatches","MCCC1",NA,0.009
"901429","[1, 5] mismatches","IFT122",NA,0.009
"903225","> 5 mismatches | Indels","SLC5A1",NA,0.009
"903485","> 5 mismatches | Indels","IQCB1",NA,0.009
"907729","[1, 5] mismatches","EVC",NA,0.009
"909418","> 5 mismatches | Indels","RP1L1",NA,0.009
"909492","[1, 5] mismatches","BMP1",NA,0.009
"909532","[1, 5] mismatches","ATP6V0A4",NA,0.009
"909565","[1, 5] mismatches","CHD7",NA,0.009
"910208","[1, 5] mismatches","NOBOX",NA,0.009
"911635","[1, 5] mismatches","POR",NA,0.009
"911708","> 5 mismatches | Indels","RP1L1",NA,0.009
"912377","[1, 5] mismatches","DOCK8",NA,0.009
"915366","[1, 5] mismatches","SYNE1",NA,0.009
"916043","[1, 5] mismatches","SLC6A19",NA,0.009
"916878","> 5 mismatches | Indels","FIG4",NA,0.009
"918172","[1, 5] mismatches","PRKCG",NA,0.009
"918862","[1, 5] mismatches","SMAD3",NA,0.009
"918865","[1, 5] mismatches","SMAD3",0.004,0.009
"91935","[1, 5] mismatches","GCKR",NA,0.009
"919598","> 5 mismatches | Indels","KCNH2",NA,0.009
"9219","[1, 5] mismatches","NOTCH3",0.002,0.009
"922397","> 5 mismatches | Indels","RYR2",NA,0.009
"923549","> 5 mismatches | Indels","RYR2",NA,0.009
"923877","[1, 5] mismatches","MYH11",NA,0.009
"925552","[1, 5] mismatches","RYR2",NA,0.009
"9258","[1, 5] mismatches","HMGCS2",NA,0.009
"92754","[1, 5] mismatches","PAH",NA,0.009
"928382","[1, 5] mismatches","FBN1",NA,0.009
"928550","[1, 5] mismatches","A2ML1",NA,0.009
"929275","[1, 5] mismatches","TMEM107",NA,0.009
"930929","[1, 5] mismatches","LRRK2",NA,0.009
"931069","[1, 5] mismatches","RYR3",NA,0.009
"93480","[1, 5] mismatches","RYR2",NA,0.009
"93493","[1, 5] mismatches","G6PD",NA,0.009
"936349","[1, 5] mismatches","TRPM4",NA,0.009
"936440","[1, 5] mismatches","GLDC",NA,0.009
"936864","[1, 5] mismatches","TRPM1",NA,0.009
"937102","[1, 5] mismatches","WHRN",NA,0.009
"937457","[1, 5] mismatches","FIG4",NA,0.009
"937508","[1, 5] mismatches","ATP1A2",NA,0.009
"938472","[1, 5] mismatches","JMJD1C",NA,0.009
"939899","[1, 5] mismatches","A2ML1",NA,0.009
"941197","[1, 5] mismatches","ZDHHC9",NA,0.009
"941739","> 5 mismatches | Indels","CD8A",NA,0.009
"942129","[1, 5] mismatches","PSMB8",NA,0.009
"942722","> 5 mismatches | Indels","AGRN",NA,0.009
"943861","[1, 5] mismatches","NME8",NA,0.009
"943962","[1, 5] mismatches","TRDN",NA,0.009
"947408","[1, 5] mismatches","COL3A1",NA,0.009
"947589","[1, 5] mismatches","LRBA",NA,0.009
"94817","[1, 5] mismatches","DMD",NA,0.009
"948198","[1, 5] mismatches","HRAS",NA,0.009
"94845","[1, 5] mismatches","DMD",NA,0.009
"949256","[1, 5] mismatches","GALC",NA,0.009
"949332","[1, 5] mismatches","COL12A1",NA,0.009
"949355","[1, 5] mismatches","TRDN",NA,0.009
"949926","[1, 5] mismatches","SCN2A",NA,0.009
"950359","[1, 5] mismatches","IL2RA",NA,0.009
"951068","[1, 5] mismatches","PIK3AP1",NA,0.009
"952578","> 5 mismatches | Indels","ELP1",NA,0.009
"953137","[1, 5] mismatches","PLCG2",NA,0.009
"953520","[1, 5] mismatches","HGSNAT",NA,0.009
"955583","[1, 5] mismatches","PRPH2",NA,0.009
"95560","[1, 5] mismatches","CNTNAP2",NA,0.009
"955947","[1, 5] mismatches","CACNA2D4",NA,0.009
"956457","[1, 5] mismatches","SETD2",0.004,0.009
"956514","[1, 5] mismatches","ATM",NA,0.009
"958137","[1, 5] mismatches","NSDHL",NA,0.009
"958655","[1, 5] mismatches","PRKAG2",NA,0.009
"959086","> 5 mismatches | Indels","CLN3",NA,0.009
"959995","[1, 5] mismatches","CASR",NA,0.009
"960199","[1, 5] mismatches","TSC1",NA,0.009
"960286","> 5 mismatches | Indels","CACNA2D4",NA,0.009
"960359","[1, 5] mismatches","EGFR",0.006,0.009
"960856","[1, 5] mismatches","GDAP1",NA,0.009
"961029","[1, 5] mismatches","VCAN",NA,0.009
"962590","[1, 5] mismatches","FANCM",NA,0.009
"963645","[1, 5] mismatches","MYO7A",NA,0.009
"964977","[1, 5] mismatches","NLRP12",NA,0.009
"966446","[1, 5] mismatches","QARS1",NA,0.009
"966591","[1, 5] mismatches","NEXN",NA,0.009
"966775","[1, 5] mismatches","DST",NA,0.009
"968372","[1, 5] mismatches","CNTN1",NA,0.009
"968601","[1, 5] mismatches","LDB3",NA,0.009
"970262","> 5 mismatches | Indels","CLN3",NA,0.009
"970744","[1, 5] mismatches","GNB3",NA,0.009
"971630","[1, 5] mismatches","NEB",NA,0.009
"972048","> 5 mismatches | Indels","ABAT",NA,0.009
"973102","[1, 5] mismatches","ACTG2",NA,0.009
"973300","> 5 mismatches | Indels","RAD21",0.004,0.009
"973324","[1, 5] mismatches","TMEM107",NA,0.009
"974250","[1, 5] mismatches","FANCA",0.002,0.009
"976126","[1, 5] mismatches","SCN2A",NA,0.009
"976198","[1, 5] mismatches","KCNQ5",NA,0.009
"976556","[1, 5] mismatches","LZTR1",NA,0.009
"976589","[1, 5] mismatches","FBP1",NA,0.009
"976625","[1, 5] mismatches","FREM1",NA,0.009
"977498","[1, 5] mismatches","RPS19",NA,0.009
"977664","[1, 5] mismatches","TUBB8",NA,0.009
"978453","[1, 5] mismatches","ANKLE2",NA,0.009
"97973","[1, 5] mismatches","NLRP3",NA,0.009
"981175","[1, 5] mismatches","MTOR",0.006,0.009
"981338","> 5 mismatches | Indels","HDAC4",NA,0.009
"982595","[1, 5] mismatches","SMAD3",0.008,0.009
"982776","[1, 5] mismatches","RORA",NA,0.009
"982961","[1, 5] mismatches","LRP4",NA,0.009
"98307","[1, 5] mismatches","CHRNA4",NA,0.009
"98395","[1, 5] mismatches","NRG1",NA,0.009
"984807","[1, 5] mismatches","HIVEP2",NA,0.009
"987146","[1, 5] mismatches","ATL1",NA,0.009
"989946","[1, 5] mismatches","KCNJ11",NA,0.009
"990197","[1, 5] mismatches","COL7A1",NA,0.009
"991236","[1, 5] mismatches","ABCB11",NA,0.009
"991631","[1, 5] mismatches","MMAB",NA,0.009
"991977","[1, 5] mismatches","CIITA",NA,0.009
"99300","[1, 5] mismatches","ABCA4",NA,0.009
"995880","> 5 mismatches | Indels","RB1",0.006,0.009
"995908","> 5 mismatches | Indels","RB1",0.008,0.009
"995910","> 5 mismatches | Indels","RB1",NA,0.009
"996345","[1, 5] mismatches","TRIM71",NA,0.009
"999842","[1, 5] mismatches","GRM6",NA,0.009
"1004560","[1, 5] mismatches","JAK3",0.008,NA
"1030970","[1, 5] mismatches","CARD11",0.008,NA
"1052097","[1, 5] mismatches","PARK2",0.008,NA
"1052713","[1, 5] mismatches","RNF43",0.008,NA
"1062160","[1, 5] mismatches","DNMT3B",0.008,NA
"1164429","[1, 5] mismatches","ATRX",0.008,NA
"1202404","[1, 5] mismatches","NF1",0.008,NA
"1210247","[1, 5] mismatches","MED12",0.008,NA
"12237","[1, 5] mismatches","CDH1",0.008,NA
"127462","[1, 5] mismatches","ATM",0.008,NA
"127510","> 5 mismatches | Indels","BLM",0.008,NA
"1285395","[1, 5] mismatches","NF2",0.008,NA
"1299196","[1, 5] mismatches","MED12",0.008,NA
"1311063","[1, 5] mismatches","ERCC2",0.008,NA
"1331053","[1, 5] mismatches","PIK3CG",0.008,NA
"134160","[1, 5] mismatches","ERCC5",0.008,NA
"13551","> 5 mismatches | Indels","PDGFRA",0.008,NA
"136478","[1, 5] mismatches","AXIN2",0.008,NA
"161397","[1, 5] mismatches","TP53",0.008,NA
"162111","[1, 5] mismatches","CSF1R",0.008,NA
"179645","[1, 5] mismatches","SOS1",0.008,NA
"1809","[1, 5] mismatches","SPRED1",0.008,NA
"182946","[1, 5] mismatches","TP53",0.008,NA
"187318","[1, 5] mismatches","MUTYH",0.008,NA
"189022","[1, 5] mismatches","FANCC",0.008,NA
"207760","[1, 5] mismatches","TSC2",0.008,NA
"208854","[1, 5] mismatches","NF1",0.008,NA
"216168","[1, 5] mismatches","APC",0.008,NA
"216468","[1, 5] mismatches","TP53",0.008,NA
"217295","[1, 5] mismatches","PTCH1",0.008,NA
"219640","[1, 5] mismatches","CDK4",0.008,NA
"230934","[1, 5] mismatches","MRE11A",0.008,NA
"234438","[1, 5] mismatches","STK11",0.008,NA
"239906","> 5 mismatches | Indels","CDH1",0.008,NA
"239986","[1, 5] mismatches","AXIN2",0.008,NA
"263428","[1, 5] mismatches","SMAD3",0.008,NA
"284570","[1, 5] mismatches","IGF1R",0.008,NA
"352160","[1, 5] mismatches","CSF1R",0.008,NA
"36824","[1, 5] mismatches","HNF1A",0.008,NA
"374301","[1, 5] mismatches","SPRED1",0.008,NA
"37506","[1, 5] mismatches","BRCA1",0.008,NA
"376139","[1, 5] mismatches","ROS1",0.008,NA
"376170","> 5 mismatches | Indels","ERBB4",0.008,NA
"376563","[1, 5] mismatches","TP53",0.008,NA
"376568","[1, 5] mismatches","TP53",0.008,NA
"376651","[1, 5] mismatches","TP53",0.008,NA
"405272","[1, 5] mismatches","BLM",0.008,NA
"406574","[1, 5] mismatches","TP53",0.008,NA
"406581","[1, 5] mismatches","TP53",0.008,NA
"406942","> 5 mismatches | Indels","RECQL4",0.008,NA
"407380","[1, 5] mismatches","PDGFRA",0.008,NA
"407384","> 5 mismatches | Indels","PDGFRA",0.008,NA
"407407","[1, 5] mismatches","PDGFRA",0.008,NA
"408175","[1, 5] mismatches","FANCA",0.008,NA
"409154","[1, 5] mismatches","PTCH1",0.008,NA
"416795","[1, 5] mismatches","SDHAF2",0.008,NA
"41748","[1, 5] mismatches","TSC2",0.008,NA
"419043","[1, 5] mismatches","ATM",0.008,NA
"421459","[1, 5] mismatches","STK11",0.008,NA
"428507","> 5 mismatches | Indels","MSH2",0.008,NA
"428618","[1, 5] mismatches","CDH1",0.008,NA
"428750","[1, 5] mismatches","STK11",0.008,NA
"429870","[1, 5] mismatches","SPRED1",0.008,NA
"431591","> 5 mismatches | Indels","NF1",0.008,NA
"433662","[1, 5] mismatches","APC",0.008,NA
"438291","[1, 5] mismatches","EP300",0.008,NA
"440980","[1, 5] mismatches","ERBB4",0.008,NA
"453869","[1, 5] mismatches","PTCH1",0.008,NA
"459091","[1, 5] mismatches","PDGFRA",0.008,NA
"464437","[1, 5] mismatches","IL7R",0.008,NA
"469189","[1, 5] mismatches","POLD1",0.008,NA
"477335","[1, 5] mismatches","RET",0.008,NA
"485077","[1, 5] mismatches","ALK",0.008,NA
"486371","[1, 5] mismatches","SDHA",0.008,NA
"488815","> 5 mismatches | Indels","NF1",0.008,NA
"49174","[1, 5] mismatches","TSC2",0.008,NA
"496310","[1, 5] mismatches","SOS1",0.008,NA
"512523","[1, 5] mismatches","NSD1",0.008,NA
"520044","[1, 5] mismatches","NOTCH1",0.008,NA
"526679","[1, 5] mismatches","VHL",0.008,NA
"528957","[1, 5] mismatches","RECQL4",0.008,NA
"529006","[1, 5] mismatches","RECQL4",0.008,NA
"532457","> 5 mismatches | Indels","CDH1",0.008,NA
"548782","> 5 mismatches | Indels","CDH1",0.008,NA
"55169","[1, 5] mismatches","BRCA1",0.008,NA
"55283","[1, 5] mismatches","BRCA1",0.008,NA
"555603","[1, 5] mismatches","FANCA",0.008,NA
"567170","[1, 5] mismatches","AXIN2",0.008,NA
"569899","[1, 5] mismatches","RRAS",0.008,NA
"576969","[1, 5] mismatches","ALK",0.008,NA
"578711","[1, 5] mismatches","AXIN2",0.008,NA
"582160","[1, 5] mismatches","PDGFRA",0.008,NA
"582640","[1, 5] mismatches","RECQL4",0.008,NA
"586787","[1, 5] mismatches","HNF1A",0.008,NA
"592134","[1, 5] mismatches","KDM5C",0.008,NA
"619773","[1, 5] mismatches","APC",0.008,NA
"628006","[1, 5] mismatches","ATM",0.008,NA
"635389","[1, 5] mismatches","TP53",0.008,NA
"639349","[1, 5] mismatches","PDGFRA",0.008,NA
"643205","[1, 5] mismatches","CD79B",0.008,NA
"645933","[1, 5] mismatches","RECQL4",0.008,NA
"659084","[1, 5] mismatches","ALK",0.008,NA
"803687","[1, 5] mismatches","RAC2",0.008,NA
"809275","[1, 5] mismatches","RTEL1",0.008,NA
"825898","[1, 5] mismatches","SMARCB1",0.008,NA
"827691","[1, 5] mismatches","BTK",0.008,NA
"834404","[1, 5] mismatches","POLD1",0.008,NA
"836750","[1, 5] mismatches","TP53",0.008,NA
"837847","> 5 mismatches | Indels","NF1",0.008,NA
"844436","[1, 5] mismatches","RTEL1",0.008,NA
"852153","[1, 5] mismatches","ERCC4",0.008,NA
"852374","[1, 5] mismatches","NF1",0.008,NA
"853226","[1, 5] mismatches","STK11",0.008,NA
"861116","[1, 5] mismatches","JAK3",0.008,NA
"871226","[1, 5] mismatches","FANCA",0.008,NA
"890925","[1, 5] mismatches","NOTCH3",0.008,NA
"89653","[1, 5] mismatches","MLH1",0.008,NA
"904890","[1, 5] mismatches","CSF1R",0.008,NA
"930927","[1, 5] mismatches","RB1",0.008,NA
"937416","[1, 5] mismatches","BRIP1",0.008,NA
"942731","> 5 mismatches | Indels","RAC2",0.008,NA
"950518","[1, 5] mismatches","AKT1",0.008,NA
"950767","[1, 5] mismatches","PLCG2",0.008,NA
"952603","[1, 5] mismatches","JAK3",0.008,NA
"961315","[1, 5] mismatches","CARD11",0.008,NA
"962629","[1, 5] mismatches","TP53",0.008,NA
"964826","[1, 5] mismatches","STK11",0.008,NA
"967758","[1, 5] mismatches","DNMT3B",0.008,NA
"972780","[1, 5] mismatches","HNF1A",0.008,NA
"976253","[1, 5] mismatches","APC",0.008,NA
"993884","[1, 5] mismatches","PIK3CG",0.008,NA
"995823","[1, 5] mismatches","RET",0.008,NA
"1000496","[1, 5] mismatches","EGFR",0.006,NA
"1000598","[1, 5] mismatches","RTEL1",0.006,NA
"1005474","> 5 mismatches | Indels","RECQL",0.006,NA
"1006381","[1, 5] mismatches","FANCA",0.006,NA
"100814","[1, 5] mismatches","TP53",0.006,NA
"1022058","[1, 5] mismatches","SPRED1",0.006,NA
"1024496","> 5 mismatches | Indels","RASA1",0.006,NA
"1026540","[1, 5] mismatches","FANCA",0.006,NA
"1041110","[1, 5] mismatches","ALK",0.006,NA
"1041618","[1, 5] mismatches","FANCA",0.006,NA
"1042577","[1, 5] mismatches","NF1",0.006,NA
"1049804","[1, 5] mismatches","FAT1",0.006,NA
"1052192","[1, 5] mismatches","RTEL1",0.006,NA
"1053935","[1, 5] mismatches","AXIN2",0.006,NA
"1058138","[1, 5] mismatches","RRAS",0.006,NA
"1058227","[1, 5] mismatches","NOTCH1",0.006,NA
"1066977","[1, 5] mismatches","TGFBR2",0.006,NA
"1068266","> 5 mismatches | Indels","TP53",0.006,NA
"1075814","> 5 mismatches | Indels","RB1",0.006,NA
"1180193","> 5 mismatches | Indels","ESR1",0.006,NA
"1209208","> 5 mismatches | Indels","HRAS",0.006,NA
"1209408","[1, 5] mismatches","RECQL",0.006,NA
"12503","[1, 5] mismatches","TGFBR2",0.006,NA
"126814","[1, 5] mismatches","RB1",0.006,NA
"126831","[1, 5] mismatches","RB1",0.006,NA
"126841","[1, 5] mismatches","RB1",0.006,NA
"127499","[1, 5] mismatches","BLM",0.006,NA
"127805","[1, 5] mismatches","TP53",0.006,NA
"127844","[1, 5] mismatches","MUTYH",0.006,NA
"127921","[1, 5] mismatches","CDH1",0.006,NA
"1284996","[1, 5] mismatches","FAT1",0.006,NA
"1299545","[1, 5] mismatches","TGFBR2",0.006,NA
"13078","> 5 mismatches | Indels","RB1",0.006,NA
"13088","> 5 mismatches | Indels","RB1",0.006,NA
"1309907","[1, 5] mismatches","FLT4",0.006,NA
"1328599","[1, 5] mismatches","PLCG2",0.006,NA
"1331243","[1, 5] mismatches","FLT4",0.006,NA
"133587","[1, 5] mismatches","ASXL1",0.006,NA
"133674","[1, 5] mismatches","BCL6",0.006,NA
"133675","[1, 5] mismatches","BCL6",0.006,NA
"1337759","[1, 5] mismatches","PAX5",0.006,NA
"133795","[1, 5] mismatches","CARD11",0.006,NA
"134123","[1, 5] mismatches","ERCC3",0.006,NA
"134242","[1, 5] mismatches","FANCA",0.006,NA
"134443","[1, 5] mismatches","FLT3",0.006,NA
"134472","[1, 5] mismatches","GNA11",0.006,NA
"134617","> 5 mismatches | Indels","KDR",0.006,NA
"134879","> 5 mismatches | Indels","NF1",0.006,NA
"135019","[1, 5] mismatches","PDGFRA",0.006,NA
"135020","[1, 5] mismatches","PDGFRA",0.006,NA
"135141","> 5 mismatches | Indels","RECQL4",0.006,NA
"13903","[1, 5] mismatches","NRAS",0.006,NA
"13948","[1, 5] mismatches","RET",0.006,NA
"141468","[1, 5] mismatches","BRCA1",0.006,NA
"141777","[1, 5] mismatches","BARD1",0.006,NA
"141983","[1, 5] mismatches","BRCA2",0.006,NA
"142858","[1, 5] mismatches","NF1",0.006,NA
"155836","[1, 5] mismatches","SMAD3",0.006,NA
"16341","[1, 5] mismatches","FGFR3",0.006,NA
"17681","[1, 5] mismatches","BRCA1",0.006,NA
"181544","[1, 5] mismatches","SOS1",0.006,NA
"182002","[1, 5] mismatches","AXIN2",0.006,NA
"182923","[1, 5] mismatches","TP53",0.006,NA
"184536","[1, 5] mismatches","RET",0.006,NA
"184647","[1, 5] mismatches","TP53",0.006,NA
"185443","[1, 5] mismatches","APC",0.006,NA
"185883","[1, 5] mismatches","BRCA1",0.006,NA
"186363","> 5 mismatches | Indels","TP53",0.006,NA
"186902","[1, 5] mismatches","BRCA1",0.006,NA
"191162","[1, 5] mismatches","ASXL1",0.006,NA
"198274","[1, 5] mismatches","FOXP1",0.006,NA
"207720","[1, 5] mismatches","TSC2",0.006,NA
"221085","[1, 5] mismatches","POLE",0.006,NA
"223215","[1, 5] mismatches","VHL",0.006,NA
"229939","[1, 5] mismatches","RET",0.006,NA
"230320","[1, 5] mismatches","BRIP1",0.006,NA
"230614","> 5 mismatches | Indels","NF1",0.006,NA
"233875","[1, 5] mismatches","BRCA1",0.006,NA
"236610","[1, 5] mismatches","APC",0.006,NA
"237668","> 5 mismatches | Indels","RB1",0.006,NA
"239228","[1, 5] mismatches","POLD1",0.006,NA
"239820","[1, 5] mismatches","ALK",0.006,NA
"240325","[1, 5] mismatches","PDGFRA",0.006,NA
"241118","[1, 5] mismatches","NOTCH1",0.006,NA
"246501","[1, 5] mismatches","BRCA1",0.006,NA
"279857","[1, 5] mismatches","NSD1",0.006,NA
"314698","[1, 5] mismatches","TSHR",0.006,NA
"321347","[1, 5] mismatches","FANCA",0.006,NA
"328522","[1, 5] mismatches","JAK3",0.006,NA
"3370","[1, 5] mismatches","FLCN",0.006,NA
"36801","[1, 5] mismatches","HNF1A",0.006,NA
"371836","[1, 5] mismatches","APC",0.006,NA
"373005","> 5 mismatches | Indels","NF1",0.006,NA
"373228","[1, 5] mismatches","KMT2A",0.006,NA
"373661","[1, 5] mismatches","NOTCH1",0.006,NA
"37464","[1, 5] mismatches","BRCA1",0.006,NA
"37636","[1, 5] mismatches","BRCA1",0.006,NA
"376616","[1, 5] mismatches","TP53",0.006,NA
"404364","[1, 5] mismatches","ALK",0.006,NA
"405541","[1, 5] mismatches","RET",0.006,NA
"405750","[1, 5] mismatches","POLE",0.006,NA
"406014","[1, 5] mismatches","TSC2",0.006,NA
"406935","> 5 mismatches | Indels","RECQL4",0.006,NA
"406948","[1, 5] mismatches","RECQL4",0.006,NA
"407392","[1, 5] mismatches","PDGFRA",0.006,NA
"40786","[1, 5] mismatches","MAP2K2",0.006,NA
"408196","[1, 5] mismatches","FANCA",0.006,NA
"408784","[1, 5] mismatches","AXIN2",0.006,NA
"409061","[1, 5] mismatches","NOTCH1",0.006,NA
"409167","[1, 5] mismatches","PTCH1",0.006,NA
"409387","[1, 5] mismatches","FLCN",0.006,NA
"409653","[1, 5] mismatches","FANCC",0.006,NA
"411046","[1, 5] mismatches","PMS2",0.006,NA
"411499","[1, 5] mismatches","APC",0.006,NA
"412357","[1, 5] mismatches","SDHA",0.006,NA
"412937","[1, 5] mismatches","ALK",0.006,NA
"415832","[1, 5] mismatches","RUNX1",0.006,NA
"41729","[1, 5] mismatches","TSC2",0.006,NA
"41811","[1, 5] mismatches","BRCA1",0.006,NA
"428160","[1, 5] mismatches","APC",0.006,NA
"428669","> 5 mismatches | Indels","RB1",0.006,NA
"429007","> 5 mismatches | Indels","NF1",0.006,NA
"431686","[1, 5] mismatches","NF1",0.006,NA
"449812","[1, 5] mismatches","NOTCH1",0.006,NA
"449903","[1, 5] mismatches","AXIN2",0.006,NA
"453979","[1, 5] mismatches","SUFU",0.006,NA
"459447","[1, 5] mismatches","RECQL4",0.006,NA
"465048","[1, 5] mismatches","ATRX",0.006,NA
"469308","[1, 5] mismatches","POLD1",0.006,NA
"469313","[1, 5] mismatches","POLD1",0.006,NA
"470876","[1, 5] mismatches","ALK",0.006,NA
"472904","> 5 mismatches | Indels","PLCG2",0.006,NA
"477344","[1, 5] mismatches","RET",0.006,NA
"477892","[1, 5] mismatches","NOTCH1",0.006,NA
"481176","> 5 mismatches | Indels","TP53",0.006,NA
"482266","[1, 5] mismatches","APC",0.006,NA
"485075","[1, 5] mismatches","ALK",0.006,NA
"485084","[1, 5] mismatches","ALK",0.006,NA
"485594","[1, 5] mismatches","FLCN",0.006,NA
"486115","[1, 5] mismatches","POLE",0.006,NA
"486212","[1, 5] mismatches","PTCH1",0.006,NA
"489188","[1, 5] mismatches","NF1",0.006,NA
"489222","> 5 mismatches | Indels","STK11",0.006,NA
"500712","[1, 5] mismatches","HNF1A",0.006,NA
"51048","[1, 5] mismatches","BRCA2",0.006,NA
"51661","[1, 5] mismatches","BRCA2",0.006,NA
"517442","[1, 5] mismatches","APC",0.006,NA
"520085","[1, 5] mismatches","NOTCH1",0.006,NA
"52225","[1, 5] mismatches","BRCA2",0.006,NA
"523454","[1, 5] mismatches","PDGFRB",0.006,NA
"523595","[1, 5] mismatches","NOTCH1",0.006,NA
"527243","[1, 5] mismatches","MEN1",0.006,NA
"527281","[1, 5] mismatches","MEN1",0.006,NA
"527518","[1, 5] mismatches","NF1",0.006,NA
"527538","[1, 5] mismatches","NF1",0.006,NA
"527923","> 5 mismatches | Indels","RB1",0.006,NA
"528268","[1, 5] mismatches","TP53",0.006,NA
"533715","[1, 5] mismatches","BCOR",0.006,NA
"535974","[1, 5] mismatches","TSC2",0.006,NA
"536037","[1, 5] mismatches","TSC2",0.006,NA
"539677","[1, 5] mismatches","SDHA",0.006,NA
"540618","[1, 5] mismatches","POLE",0.006,NA
"54455","[1, 5] mismatches","BRCA1",0.006,NA
"54479","[1, 5] mismatches","BRCA1",0.006,NA
"54611","[1, 5] mismatches","BRCA1",0.006,NA
"54657","[1, 5] mismatches","BRCA1",0.006,NA
"547589","[1, 5] mismatches","NF1",0.006,NA
"54769","[1, 5] mismatches","BRCA1",0.006,NA
"54935","[1, 5] mismatches","BRCA1",0.006,NA
"550541","[1, 5] mismatches","FANCA",0.006,NA
"55275","[1, 5] mismatches","BRCA1",0.006,NA
"554240","[1, 5] mismatches","FANCA",0.006,NA
"567400","[1, 5] mismatches","SDHB",0.006,NA
"572686","[1, 5] mismatches","RECQL4",0.006,NA
"573963","[1, 5] mismatches","PDGFRA",0.006,NA
"578988","[1, 5] mismatches","TP53",0.006,NA
"581207","[1, 5] mismatches","FANCA",0.006,NA
"584820","> 5 mismatches | Indels","RECQL",0.006,NA
"6073","[1, 5] mismatches","RECQL4",0.006,NA
"619068","[1, 5] mismatches","NTRK3",0.006,NA
"623872","[1, 5] mismatches","SMAD3",0.006,NA
"635555","> 5 mismatches | Indels","NKX2-1",0.006,NA
"639950","[1, 5] mismatches","RB1",0.006,NA
"640870","[1, 5] mismatches","RB1",0.006,NA
"643773","[1, 5] mismatches","DNMT3B",0.006,NA
"647218","> 5 mismatches | Indels","RB1",0.006,NA
"647415","> 5 mismatches | Indels","RAC2",0.006,NA
"648334","[1, 5] mismatches","ALK",0.006,NA
"651621","[1, 5] mismatches","FANCA",0.006,NA
"651907","[1, 5] mismatches","MEN1",0.006,NA
"652771","[1, 5] mismatches","FANCC",0.006,NA
"654518","[1, 5] mismatches","NF1",0.006,NA
"655895","[1, 5] mismatches","ATM",0.006,NA
"657691","[1, 5] mismatches","RET",0.006,NA
"659504","> 5 mismatches | Indels","HRAS",0.006,NA
"665619","[1, 5] mismatches","RECQL4",0.006,NA
"696360","[1, 5] mismatches","BCOR",0.006,NA
"709394","[1, 5] mismatches","ROS1",0.006,NA
"743486","[1, 5] mismatches","MAD2L2",0.006,NA
"7455","[1, 5] mismatches","STK11",0.006,NA
"767288","[1, 5] mismatches","MAP3K1",0.006,NA
"787381","[1, 5] mismatches","INPPL1",0.006,NA
"804019","> 5 mismatches | Indels","AR",0.006,NA
"804622","[1, 5] mismatches","NOTCH3",0.006,NA
"807371","[1, 5] mismatches","ANKRD11",0.006,NA
"807438","[1, 5] mismatches","KMT2B",0.006,NA
"808833","[1, 5] mismatches","ACVR1",0.006,NA
"818884","[1, 5] mismatches","FLCN",0.006,NA
"820332","> 5 mismatches | Indels","MRE11A",0.006,NA
"824336","[1, 5] mismatches","PTCH1",0.006,NA
"824409","[1, 5] mismatches","BLM",0.006,NA
"826218","[1, 5] mismatches","NF1",0.006,NA
"827258","> 5 mismatches | Indels","PMS2",0.006,NA
"828011","[1, 5] mismatches","TAP2",0.006,NA
"834440","[1, 5] mismatches","NTRK1",0.006,NA
"835306","[1, 5] mismatches","NF1",0.006,NA
"840514","[1, 5] mismatches","RET",0.006,NA
"841578","[1, 5] mismatches","SETD2",0.006,NA
"844823","[1, 5] mismatches","FANCA",0.006,NA
"845138","[1, 5] mismatches","EGFR",0.006,NA
"845305","[1, 5] mismatches","NF1",0.006,NA
"847640","[1, 5] mismatches","RECQL4",0.006,NA
"850940","[1, 5] mismatches","PIK3CD",0.006,NA
"857728","[1, 5] mismatches","DNMT1",0.006,NA
"859320","[1, 5] mismatches","TP53",0.006,NA
"863797","[1, 5] mismatches","NF1",0.006,NA
"871072","[1, 5] mismatches","SMAD3",0.006,NA
"873238","[1, 5] mismatches","ERBB4",0.006,NA
"889551","[1, 5] mismatches","NOTCH3",0.006,NA
"894288","[1, 5] mismatches","INSR",0.006,NA
"89745","[1, 5] mismatches","MLH1",0.006,NA
"898828","> 5 mismatches | Indels","EPAS1",0.006,NA
"899825","[1, 5] mismatches","ATR",0.006,NA
"903553","[1, 5] mismatches","TP63",0.006,NA
"91311","[1, 5] mismatches","PMS2",0.006,NA
"9220","[1, 5] mismatches","NOTCH3",0.006,NA
"925560","[1, 5] mismatches","SMAD3",0.006,NA
"933342","> 5 mismatches | Indels","PDGFRA",0.006,NA
"933938","[1, 5] mismatches","RNF43",0.006,NA
"937600","[1, 5] mismatches","FANCA",0.006,NA
"945674","[1, 5] mismatches","MSH3",0.006,NA
"94875","[1, 5] mismatches","KDM5C",0.006,NA
"949970","[1, 5] mismatches","ATM",0.006,NA
"952770","[1, 5] mismatches","PLCG2",0.006,NA
"954898","[1, 5] mismatches","APC",0.006,NA
"957593","[1, 5] mismatches","NOTCH1",0.006,NA
"961453","[1, 5] mismatches","RNF43",0.006,NA
"962254","[1, 5] mismatches","TGFBR2",0.006,NA
"967021","[1, 5] mismatches","RAF1",0.006,NA
"969254","[1, 5] mismatches","MTOR",0.006,NA
"972663","[1, 5] mismatches","PLCG2",0.006,NA
"972764","[1, 5] mismatches","HNF1A",0.006,NA
"972770","[1, 5] mismatches","HNF1A",0.006,NA
"973115","[1, 5] mismatches","ATRX",0.006,NA
"973337","> 5 mismatches | Indels","IGF1R",0.006,NA
"974007","[1, 5] mismatches","FANCA",0.006,NA
"989383","[1, 5] mismatches","AR",0.006,NA
"991708","[1, 5] mismatches","RTEL1",0.006,NA
"994543","[1, 5] mismatches","HNF1A",0.006,NA
"994565","[1, 5] mismatches","NOTCH3",0.006,NA
"1001666","[1, 5] mismatches","ERCC2",0.004,NA
"1001777","> 5 mismatches | Indels","ATM",0.004,NA
"1001896","[1, 5] mismatches","RECQL",0.004,NA
"1002644","[1, 5] mismatches","CTLA4",0.004,NA
"1003804","> 5 mismatches | Indels","ATM",0.004,NA
"1006153","> 5 mismatches | Indels","SETD2",0.004,NA
"1006253","[1, 5] mismatches","POLE",0.004,NA
"1006998","[1, 5] mismatches","PDGFRA",0.004,NA
"1009032","[1, 5] mismatches","CEBPA",0.004,NA
"1014374","[1, 5] mismatches","AXIN2",0.004,NA
"1014494","[1, 5] mismatches","DNMT1",0.004,NA
"1015410","[1, 5] mismatches","LZTR1",0.004,NA
"1017045","[1, 5] mismatches","INPPL1",0.004,NA
"1018206","[1, 5] mismatches","APC",0.004,NA
"1018616","[1, 5] mismatches","PTCH1",0.004,NA
"1018976","> 5 mismatches | Indels","RET",0.004,NA
"1021782","[1, 5] mismatches","SDHB",0.004,NA
"1022200","[1, 5] mismatches","MRE11A",0.004,NA
"1023631","[1, 5] mismatches","VHL",0.004,NA
"1024453","[1, 5] mismatches","DDR2",0.004,NA
"1026035","> 5 mismatches | Indels","RB1",0.004,NA
"1034646","[1, 5] mismatches","INPPL1",0.004,NA
"1035502","[1, 5] mismatches","MTOR",0.004,NA
"1037791","[1, 5] mismatches","SDHB",0.004,NA
"1041182","[1, 5] mismatches","EGFR",0.004,NA
"1042104","[1, 5] mismatches","AXIN2",0.004,NA
"1042845","[1, 5] mismatches","RTEL1",0.004,NA
"1044734","[1, 5] mismatches","FANCA",0.004,NA
"1045128","[1, 5] mismatches","NOTCH1",0.004,NA
"1045939","[1, 5] mismatches","PLCG2",0.004,NA
"1046920","[1, 5] mismatches","RAD50",0.004,NA
"1048749","[1, 5] mismatches","NF1",0.004,NA
"1049691","[1, 5] mismatches","FAT1",0.004,NA
"1053895","[1, 5] mismatches","ALK",0.004,NA
"1054243","> 5 mismatches | Indels","BRAF",0.004,NA
"1056713","[1, 5] mismatches","RUNX1",0.004,NA
"1058824","[1, 5] mismatches","POLD1",0.004,NA
"1061668","[1, 5] mismatches","POLD1",0.004,NA
"1065487","[1, 5] mismatches","RET",0.004,NA
"1067639","[1, 5] mismatches","NF1",0.004,NA
"1070186","[1, 5] mismatches","NF1",0.004,NA
"1075653","[1, 5] mismatches","STK11",0.004,NA
"1076273","[1, 5] mismatches","NF2",0.004,NA
"1076418","[1, 5] mismatches","RB1",0.004,NA
"1098361","> 5 mismatches | Indels","KMT2A",0.004,NA
"1098686","[1, 5] mismatches","FOXP1",0.004,NA
"1099299","[1, 5] mismatches","MTOR",0.004,NA
"1123581","[1, 5] mismatches","ICOSLG",0.004,NA
"11342","[1, 5] mismatches","BTK",0.004,NA
"11363","[1, 5] mismatches","BTK",0.004,NA
"1145068","[1, 5] mismatches","DNMT3B",0.004,NA
"1167972","[1, 5] mismatches","RNF43",0.004,NA
"1174643","[1, 5] mismatches","POLE",0.004,NA
"1175891","[1, 5] mismatches","PLCG2",0.004,NA
"1184320","[1, 5] mismatches","ANKRD11",0.004,NA
"1185044","> 5 mismatches | Indels","TP53",0.004,NA
"1187222","[1, 5] mismatches","IGF2",0.004,NA
"1219213","[1, 5] mismatches","ANKRD11",0.004,NA
"1223688","[1, 5] mismatches","NOTCH1",0.004,NA
"1239265","[1, 5] mismatches","EPHA7",0.004,NA
"12603","> 5 mismatches | Indels","HRAS",0.004,NA
"12606","> 5 mismatches | Indels","HRAS",0.004,NA
"12609","[1, 5] mismatches","HRAS",0.004,NA
"126794","> 5 mismatches | Indels","RB1",0.004,NA
"126801","> 5 mismatches | Indels","RB1",0.004,NA
"127762","[1, 5] mismatches","PMS2",0.004,NA
"127806","[1, 5] mismatches","TP53",0.004,NA
"127976","[1, 5] mismatches","MRE11A",0.004,NA
"1282693","[1, 5] mismatches","PDCD1",0.004,NA
"1298923","[1, 5] mismatches","FOXP1",0.004,NA
"1299483","> 5 mismatches | Indels","KEAP1",0.004,NA
"1304412","[1, 5] mismatches","NOTCH1",0.004,NA
"1305001","[1, 5] mismatches","MED12",0.004,NA
"1308175","[1, 5] mismatches","BRCA1",0.004,NA
"1310202","[1, 5] mismatches","MED12",0.004,NA
"1312557","[1, 5] mismatches","TGFBR2",0.004,NA
"1314997","[1, 5] mismatches","AXIN2",0.004,NA
"1319532","[1, 5] mismatches","FANCA",0.004,NA
"1319602","[1, 5] mismatches","APC",0.004,NA
"132723","[1, 5] mismatches","PTCH1",0.004,NA
"132806","[1, 5] mismatches","PIK3CD",0.004,NA
"1334247","[1, 5] mismatches","NRAS",0.004,NA
"133464","[1, 5] mismatches","ALK",0.004,NA
"133531","[1, 5] mismatches","APC",0.004,NA
"133608","[1, 5] mismatches","ATM",0.004,NA
"1337740","[1, 5] mismatches","HNF1A",0.004,NA
"133791","[1, 5] mismatches","CARD11",0.004,NA
"133793","[1, 5] mismatches","CARD11",0.004,NA
"1338090","[1, 5] mismatches","FANCA",0.004,NA
"1338678","[1, 5] mismatches","HNF1A",0.004,NA
"134136","[1, 5] mismatches","ERCC4",0.004,NA
"134241","> 5 mismatches | Indels","FANCA",0.004,NA
"1342944","[1, 5] mismatches","HNF1A",0.004,NA
"134523","[1, 5] mismatches","IL7R",0.004,NA
"134614","[1, 5] mismatches","KDR",0.004,NA
"134921","[1, 5] mismatches","NOTCH1",0.004,NA
"135075","[1, 5] mismatches","PRDM1",0.004,NA
"135124","> 5 mismatches | Indels","RB1",0.004,NA
"135139","> 5 mismatches | Indels","RECQL4",0.004,NA
"135145","[1, 5] mismatches","RECQL4",0.004,NA
"135188","[1, 5] mismatches","RET",0.004,NA
"135189","[1, 5] mismatches","RET",0.004,NA
"13552","[1, 5] mismatches","PDGFRA",0.004,NA
"135921","> 5 mismatches | Indels","STK11",0.004,NA
"13902","[1, 5] mismatches","NRAS",0.004,NA
"13932","[1, 5] mismatches","RET",0.004,NA
"140832","> 5 mismatches | Indels","ATM",0.004,NA
"141167","> 5 mismatches | Indels","ATM",0.004,NA
"141339","[1, 5] mismatches","MUTYH",0.004,NA
"141980","> 5 mismatches | Indels","TSC1",0.004,NA
"142246","[1, 5] mismatches","APC",0.004,NA
"142439","[1, 5] mismatches","MLH1",0.004,NA
"142731","[1, 5] mismatches","APC",0.004,NA
"14843","[1, 5] mismatches","IL7R",0.004,NA
"14942","[1, 5] mismatches","HNF1A",0.004,NA
"162118","[1, 5] mismatches","CSF1R",0.004,NA
"16347","[1, 5] mismatches","FGFR3",0.004,NA
"16688","[1, 5] mismatches","MEN1",0.004,NA
"180588","[1, 5] mismatches","BLM",0.004,NA
"181807","[1, 5] mismatches","APC",0.004,NA
"181942","> 5 mismatches | Indels","ATM",0.004,NA
"182008","[1, 5] mismatches","AXIN2",0.004,NA
"182801","> 5 mismatches | Indels","PMS2",0.004,NA
"182898","[1, 5] mismatches","STK11",0.004,NA
"182924","[1, 5] mismatches","TP53",0.004,NA
"182933","[1, 5] mismatches","TP53",0.004,NA
"186015","[1, 5] mismatches","BRIP1",0.004,NA
"186234","> 5 mismatches | Indels","PMS2",0.004,NA
"186317","[1, 5] mismatches","CDH1",0.004,NA
"186645","[1, 5] mismatches","APC",0.004,NA
"186729","> 5 mismatches | Indels","ATM",0.004,NA
"187665","[1, 5] mismatches","RET",0.004,NA
"188132","[1, 5] mismatches","APC",0.004,NA
"188265","[1, 5] mismatches","MEN1",0.004,NA
"190473","> 5 mismatches | Indels","RTEL1",0.004,NA
"201136","[1, 5] mismatches","RET",0.004,NA
"207663","[1, 5] mismatches","TSC2",0.004,NA
"207762","[1, 5] mismatches","TSC2",0.004,NA
"207763","[1, 5] mismatches","TSC2",0.004,NA
"210277","[1, 5] mismatches","ARID1B",0.004,NA
"213640","[1, 5] mismatches","MED12",0.004,NA
"213936","[1, 5] mismatches","TGFBR2",0.004,NA
"215461","[1, 5] mismatches","PTCH1",0.004,NA
"216020","> 5 mismatches | Indels","ATM",0.004,NA
"216067","[1, 5] mismatches","NF1",0.004,NA
"217935","[1, 5] mismatches","APC",0.004,NA
"217939","> 5 mismatches | Indels","APC",0.004,NA
"217983","[1, 5] mismatches","APC",0.004,NA
"219377","[1, 5] mismatches","NOTCH1",0.004,NA
"219681","[1, 5] mismatches","BARD1",0.004,NA
"220210","[1, 5] mismatches","FANCC",0.004,NA
"220317","[1, 5] mismatches","NF1",0.004,NA
"220666","[1, 5] mismatches","BARD1",0.004,NA
"230206","[1, 5] mismatches","CHEK2",0.004,NA
"230520","[1, 5] mismatches","APC",0.004,NA
"230624","[1, 5] mismatches","BRCA1",0.004,NA
"230655","[1, 5] mismatches","ATM",0.004,NA
"230822","[1, 5] mismatches","PMS2",0.004,NA
"230936","[1, 5] mismatches","MRE11A",0.004,NA
"231278","> 5 mismatches | Indels","ATM",0.004,NA
"231868","[1, 5] mismatches","TP53",0.004,NA
"231877","[1, 5] mismatches","MUTYH",0.004,NA
"232385","[1, 5] mismatches","BRCA1",0.004,NA
"232538","[1, 5] mismatches","CHEK2",0.004,NA
"233203","[1, 5] mismatches","SDHA",0.004,NA
"234524","[1, 5] mismatches","BRCA2",0.004,NA
"234613","[1, 5] mismatches","CDH1",0.004,NA
"236829","[1, 5] mismatches","BRCA2",0.004,NA
"237489","[1, 5] mismatches","PTCH1",0.004,NA
"237492","[1, 5] mismatches","PTCH1",0.004,NA
"237591","[1, 5] mismatches","NF1",0.004,NA
"237888","[1, 5] mismatches","PMS2",0.004,NA
"239230","[1, 5] mismatches","POLD1",0.004,NA
"239319","[1, 5] mismatches","POLD1",0.004,NA
"239324","[1, 5] mismatches","POLD1",0.004,NA
"239665","[1, 5] mismatches","SDHA",0.004,NA
"239735","> 5 mismatches | Indels","RECQL4",0.004,NA
"239766","[1, 5] mismatches","RECQL4",0.004,NA
"239781","[1, 5] mismatches","RECQL4",0.004,NA
"239980","[1, 5] mismatches","AXIN2",0.004,NA
"240003","[1, 5] mismatches","AXIN2",0.004,NA
"240317","[1, 5] mismatches","PDGFRA",0.004,NA
"240371","[1, 5] mismatches","POLE",0.004,NA
"240623","[1, 5] mismatches","POLE",0.004,NA
"241335","> 5 mismatches | Indels","RET",0.004,NA
"241654","[1, 5] mismatches","BRIP1",0.004,NA
"241993","[1, 5] mismatches","SPRED1",0.004,NA
"242039","[1, 5] mismatches","DICER1",0.004,NA
"24880","[1, 5] mismatches","RET",0.004,NA
"24960","[1, 5] mismatches","RET",0.004,NA
"264528","[1, 5] mismatches","NOTCH1",0.004,NA
"280409","[1, 5] mismatches","NRAS",0.004,NA
"284904","[1, 5] mismatches","DNMT3A",0.004,NA
"29811","[1, 5] mismatches","CSF1R",0.004,NA
"29813","[1, 5] mismatches","CSF1R",0.004,NA
"30147","[1, 5] mismatches","MAP3K1",0.004,NA
"30312","[1, 5] mismatches","SMAD3",0.004,NA
"310944","[1, 5] mismatches","ERCC5",0.004,NA
"322569","[1, 5] mismatches","NF1",0.004,NA
"328371","[1, 5] mismatches","NOTCH3",0.004,NA
"331091","[1, 5] mismatches","ERCC3",0.004,NA
"340912","[1, 5] mismatches","SMARCB1",0.004,NA
"344656","[1, 5] mismatches","TGFBR2",0.004,NA
"36523","[1, 5] mismatches","MEN1",0.004,NA
"37074","[1, 5] mismatches","KMT2A",0.004,NA
"372756","> 5 mismatches | Indels","NF1",0.004,NA
"373376","[1, 5] mismatches","ALOX12B",0.004,NA
"37447","[1, 5] mismatches","BRCA1",0.004,NA
"37557","> 5 mismatches | Indels","BRCA1",0.004,NA
"37584","[1, 5] mismatches","BRCA1",0.004,NA
"376131","[1, 5] mismatches","MTOR",0.004,NA
"376562","[1, 5] mismatches","TP53",0.004,NA
"376672","[1, 5] mismatches","TP53",0.004,NA
"378875","[1, 5] mismatches","CBL",0.004,NA
"38378","[1, 5] mismatches","CSF1R",0.004,NA
"404322","[1, 5] mismatches","ALK",0.004,NA
"404357","[1, 5] mismatches","ALK",0.004,NA
"404362","[1, 5] mismatches","ALK",0.004,NA
"404447","[1, 5] mismatches","NF1",0.004,NA
"404459","> 5 mismatches | Indels","NF1",0.004,NA
"405302","[1, 5] mismatches","BLM",0.004,NA
"405524","[1, 5] mismatches","RET",0.004,NA
"405538","> 5 mismatches | Indels","RET",0.004,NA
"405546","[1, 5] mismatches","RET",0.004,NA
"405950","[1, 5] mismatches","TSC2",0.004,NA
"406029","[1, 5] mismatches","TSC2",0.004,NA
"406644","[1, 5] mismatches","CDH1",0.004,NA
"406925","> 5 mismatches | Indels","RECQL4",0.004,NA
"406947","[1, 5] mismatches","RECQL4",0.004,NA
"406949","[1, 5] mismatches","RECQL4",0.004,NA
"406958","[1, 5] mismatches","RECQL4",0.004,NA
"406987","[1, 5] mismatches","RECQL4",0.004,NA
"407004","> 5 mismatches | Indels","RECQL4",0.004,NA
"407023","[1, 5] mismatches","RECQL4",0.004,NA
"407373","[1, 5] mismatches","PDGFRA",0.004,NA
"407511","[1, 5] mismatches","ATM",0.004,NA
"407876","[1, 5] mismatches","BRIP1",0.004,NA
"407877","[1, 5] mismatches","BRIP1",0.004,NA
"408168","[1, 5] mismatches","FANCA",0.004,NA
"408183","[1, 5] mismatches","FANCA",0.004,NA
"408435","[1, 5] mismatches","TGFBR2",0.004,NA
"408826","[1, 5] mismatches","AXIN2",0.004,NA
"409358","> 5 mismatches | Indels","BRCA1",0.004,NA
"411547","[1, 5] mismatches","APC",0.004,NA
"412145","[1, 5] mismatches","DICER1",0.004,NA
"415219","[1, 5] mismatches","AXIN2",0.004,NA
"41633","[1, 5] mismatches","MLH1",0.004,NA
"41662","[1, 5] mismatches","PTCH1",0.004,NA
"41664","[1, 5] mismatches","PTCH1",0.004,NA
"41785","[1, 5] mismatches","CDH1",0.004,NA
"419386","[1, 5] mismatches","MUTYH",0.004,NA
"419561","[1, 5] mismatches","AXIN2",0.004,NA
"426202","[1, 5] mismatches","SMAD3",0.004,NA
"428728","[1, 5] mismatches","RB1",0.004,NA
"428774","[1, 5] mismatches","STK11",0.004,NA
"428787","[1, 5] mismatches","STK11",0.004,NA
"429449","[1, 5] mismatches","NOTCH1",0.004,NA
"433710","[1, 5] mismatches","BRCA1",0.004,NA
"434684","[1, 5] mismatches","CEBPA",0.004,NA
"435133","> 5 mismatches | Indels","FANCA",0.004,NA
"441436","[1, 5] mismatches","BRCA1",0.004,NA
"441495","[1, 5] mismatches","BRCA1",0.004,NA
"447484","[1, 5] mismatches","HNF1A",0.004,NA
"447869","[1, 5] mismatches","NOTCH3",0.004,NA
"449741","[1, 5] mismatches","NOTCH1",0.004,NA
"449749","> 5 mismatches | Indels","TP53",0.004,NA
"449786","[1, 5] mismatches","TSC2",0.004,NA
"450701","[1, 5] mismatches","DNMT3B",0.004,NA
"452342","[1, 5] mismatches","RAF1",0.004,NA
"453415","[1, 5] mismatches","ATM",0.004,NA
"453876","[1, 5] mismatches","PTCH1",0.004,NA
"454129","> 5 mismatches | Indels","BLM",0.004,NA
"458120","> 5 mismatches | Indels","RB1",0.004,NA
"458154","[1, 5] mismatches","RB1",0.004,NA
"458814","[1, 5] mismatches","MED12",0.004,NA
"458915","> 5 mismatches | Indels","KIT",0.004,NA
"459396","> 5 mismatches | Indels","RECQL4",0.004,NA
"459398","> 5 mismatches | Indels","RECQL4",0.004,NA
"459399","> 5 mismatches | Indels","RECQL4",0.004,NA
"459448","[1, 5] mismatches","RECQL4",0.004,NA
"459464","[1, 5] mismatches","RECQL4",0.004,NA
"459466","[1, 5] mismatches","RECQL4",0.004,NA
"459529","[1, 5] mismatches","RECQL4",0.004,NA
"461817","[1, 5] mismatches","BTK",0.004,NA
"462574","[1, 5] mismatches","BRCA1",0.004,NA
"468197","[1, 5] mismatches","TSC2",0.004,NA
"469305","[1, 5] mismatches","POLD1",0.004,NA
"469317","[1, 5] mismatches","POLD1",0.004,NA
"469320","[1, 5] mismatches","POLD1",0.004,NA
"475512","[1, 5] mismatches","SETD2",0.004,NA
"477044","[1, 5] mismatches","DICER1",0.004,NA
"477676","[1, 5] mismatches","RAF1",0.004,NA
"477898","[1, 5] mismatches","NOTCH1",0.004,NA
"479285","[1, 5] mismatches","BRCA2",0.004,NA
"479650","[1, 5] mismatches","DICER1",0.004,NA
"480353","[1, 5] mismatches","PMS2",0.004,NA
"480876","[1, 5] mismatches","ATM",0.004,NA
"481882","[1, 5] mismatches","NF1",0.004,NA
"482213","[1, 5] mismatches","TP53",0.004,NA
"482712","> 5 mismatches | Indels","ATM",0.004,NA
"482903","[1, 5] mismatches","BRCA1",0.004,NA
"483933","[1, 5] mismatches","MUTYH",0.004,NA
"486563","> 5 mismatches | Indels","TSC1",0.004,NA
"486826","> 5 mismatches | Indels","CDH1",0.004,NA
"48985","> 5 mismatches | Indels","TSC1",0.004,NA
"49367","[1, 5] mismatches","TSC2",0.004,NA
"49471","[1, 5] mismatches","TSC2",0.004,NA
"495735","[1, 5] mismatches","JAK3",0.004,NA
"49960","[1, 5] mismatches","TSC2",0.004,NA
"50164","[1, 5] mismatches","TSC2",0.004,NA
"504417","[1, 5] mismatches","NKX2-1",0.004,NA
"50920","[1, 5] mismatches","DNMT1",0.004,NA
"51670","[1, 5] mismatches","BRCA2",0.004,NA
"51696","[1, 5] mismatches","BRCA2",0.004,NA
"517284","[1, 5] mismatches","POLD1",0.004,NA
"520077","[1, 5] mismatches","NOTCH1",0.004,NA
"520097","[1, 5] mismatches","NOTCH1",0.004,NA
"521431","[1, 5] mismatches","FGFR2",0.004,NA
"521738","[1, 5] mismatches","NOTCH3",0.004,NA
"524360","[1, 5] mismatches","ATM",0.004,NA
"524764","[1, 5] mismatches","BLM",0.004,NA
"524769","[1, 5] mismatches","BLM",0.004,NA
"524818","[1, 5] mismatches","BLM",0.004,NA
"526806","[1, 5] mismatches","CEBPA",0.004,NA
"527253","[1, 5] mismatches","MEN1",0.004,NA
"527789","[1, 5] mismatches","RRAS",0.004,NA
"527843","> 5 mismatches | Indels","STK11",0.004,NA
"527940","[1, 5] mismatches","RB1",0.004,NA
"528235","[1, 5] mismatches","TP53",0.004,NA
"528535","[1, 5] mismatches","PDGFRA",0.004,NA
"528742","[1, 5] mismatches","SDHB",0.004,NA
"528966","> 5 mismatches | Indels","RECQL4",0.004,NA
"529020","> 5 mismatches | Indels","RECQL4",0.004,NA
"530707","[1, 5] mismatches","DNMT3B",0.004,NA
"531336","[1, 5] mismatches","BRCA2",0.004,NA
"531365","[1, 5] mismatches","BRCA1",0.004,NA
"533151","[1, 5] mismatches","AXIN2",0.004,NA
"533152","[1, 5] mismatches","AXIN2",0.004,NA
"533223","[1, 5] mismatches","AXIN2",0.004,NA
"533228","[1, 5] mismatches","AXIN2",0.004,NA
"534452","> 5 mismatches | Indels","TSC1",0.004,NA
"535943","[1, 5] mismatches","TSC2",0.004,NA
"536102","[1, 5] mismatches","TSC2",0.004,NA
"537051","[1, 5] mismatches","POLD1",0.004,NA
"537082","[1, 5] mismatches","POLD1",0.004,NA
"537107","[1, 5] mismatches","POLD1",0.004,NA
"537468","[1, 5] mismatches","APC",0.004,NA
"538251","[1, 5] mismatches","ALK",0.004,NA
"540789","[1, 5] mismatches","POLE",0.004,NA
"540974","[1, 5] mismatches","CARD11",0.004,NA
"541876","[1, 5] mismatches","POT1",0.004,NA
"542223","[1, 5] mismatches","SETD2",0.004,NA
"543608","[1, 5] mismatches","DICER1",0.004,NA
"543720","[1, 5] mismatches","RET",0.004,NA
"54408","[1, 5] mismatches","BRCA1",0.004,NA
"545522","[1, 5] mismatches","RUNX1",0.004,NA
"54591","[1, 5] mismatches","BRCA1",0.004,NA
"545957","[1, 5] mismatches","MLH1",0.004,NA
"545989","[1, 5] mismatches","PMS2",0.004,NA
"54667","[1, 5] mismatches","BRCA1",0.004,NA
"54754","[1, 5] mismatches","BRCA1",0.004,NA
"547564","[1, 5] mismatches","NF1",0.004,NA
"547571","> 5 mismatches | Indels","NF1",0.004,NA
"547573","[1, 5] mismatches","NF1",0.004,NA
"547592","[1, 5] mismatches","NF1",0.004,NA
"54890","[1, 5] mismatches","BRCA1",0.004,NA
"54922","[1, 5] mismatches","BRCA1",0.004,NA
"549769","[1, 5] mismatches","RET",0.004,NA
"55317","[1, 5] mismatches","BRCA1",0.004,NA
"55396","[1, 5] mismatches","BRCA1",0.004,NA
"554887","[1, 5] mismatches","FANCA",0.004,NA
"560366","[1, 5] mismatches","BRCA1",0.004,NA
"561696","> 5 mismatches | Indels","BRAF",0.004,NA
"56404","[1, 5] mismatches","RECQL4",0.004,NA
"565391","[1, 5] mismatches","APC",0.004,NA
"567031","[1, 5] mismatches","ATM",0.004,NA
"567350","[1, 5] mismatches","RET",0.004,NA
"567352","[1, 5] mismatches","POLE",0.004,NA
"567864","> 5 mismatches | Indels","MET",0.004,NA
"568085","[1, 5] mismatches","MSH2",0.004,NA
"569277","[1, 5] mismatches","POLD1",0.004,NA
"569968","[1, 5] mismatches","RB1",0.004,NA
"570383","[1, 5] mismatches","RECQL4",0.004,NA
"570387","[1, 5] mismatches","RET",0.004,NA
"571198","[1, 5] mismatches","NF1",0.004,NA
"571661","> 5 mismatches | Indels","NF1",0.004,NA
"571791","[1, 5] mismatches","RB1",0.004,NA
"572378","[1, 5] mismatches","TP53",0.004,NA
"574024","[1, 5] mismatches","POLD1",0.004,NA
"576437","[1, 5] mismatches","VHL",0.004,NA
"576792","[1, 5] mismatches","NOTCH1",0.004,NA
"577156","> 5 mismatches | Indels","RB1",0.004,NA
"577278","[1, 5] mismatches","KIT",0.004,NA
"578353","> 5 mismatches | Indels","DICER1",0.004,NA
"579648","> 5 mismatches | Indels","NF1",0.004,NA
"579912","[1, 5] mismatches","FGFR3",0.004,NA
"580080","[1, 5] mismatches","ALK",0.004,NA
"581005","> 5 mismatches | Indels","RB1",0.004,NA
"582055","[1, 5] mismatches","RECQL4",0.004,NA
"582569","[1, 5] mismatches","ALK",0.004,NA
"582682","[1, 5] mismatches","TSC2",0.004,NA
"583318","[1, 5] mismatches","PDGFRA",0.004,NA
"584503","[1, 5] mismatches","BLM",0.004,NA
"586796","[1, 5] mismatches","HNF1A",0.004,NA
"599652","[1, 5] mismatches","CDH1",0.004,NA
"617776","[1, 5] mismatches","CDH1",0.004,NA
"625987","[1, 5] mismatches","NOTCH1",0.004,NA
"626872","[1, 5] mismatches","NOTCH1",0.004,NA
"629123","[1, 5] mismatches","APC",0.004,NA
"631142","[1, 5] mismatches","BRCA1",0.004,NA
"631325","[1, 5] mismatches","APC",0.004,NA
"639340","[1, 5] mismatches","NSD1",0.004,NA
"639926","[1, 5] mismatches","FANCA",0.004,NA
"642325","[1, 5] mismatches","MSH3",0.004,NA
"644763","[1, 5] mismatches","AXIN2",0.004,NA
"644883","[1, 5] mismatches","TP53",0.004,NA
"645422","[1, 5] mismatches","POLE",0.004,NA
"645498","[1, 5] mismatches","BTK",0.004,NA
"645841","> 5 mismatches | Indels","STAT5B",0.004,NA
"645934","[1, 5] mismatches","PLCG2",0.004,NA
"646013","[1, 5] mismatches","SMARCB1",0.004,NA
"646665","[1, 5] mismatches","ALK",0.004,NA
"646688","[1, 5] mismatches","SDHA",0.004,NA
"647410","[1, 5] mismatches","NF1",0.004,NA
"648870","[1, 5] mismatches","MEN1",0.004,NA
"64983","[1, 5] mismatches","TSC2",0.004,NA
"649861","> 5 mismatches | Indels","TP53",0.004,NA
"652246","[1, 5] mismatches","APC",0.004,NA
"652752","[1, 5] mismatches","NF1",0.004,NA
"653321","[1, 5] mismatches","FANCA",0.004,NA
"653994","[1, 5] mismatches","AXIN2",0.004,NA
"654305","> 5 mismatches | Indels","RB1",0.004,NA
"654484","[1, 5] mismatches","AXIN2",0.004,NA
"655071","[1, 5] mismatches","PDGFRA",0.004,NA
"656491","[1, 5] mismatches","BARD1",0.004,NA
"65685","[1, 5] mismatches","CSF1R",0.004,NA
"657017","[1, 5] mismatches","RECQL4",0.004,NA
"657305","[1, 5] mismatches","RECQL4",0.004,NA
"657571","[1, 5] mismatches","MUTYH",0.004,NA
"658583","[1, 5] mismatches","DNMT1",0.004,NA
"659236","[1, 5] mismatches","PTCH1",0.004,NA
"659696","[1, 5] mismatches","NOTCH1",0.004,NA
"662310","[1, 5] mismatches","RET",0.004,NA
"662442","[1, 5] mismatches","RECQL4",0.004,NA
"665346","[1, 5] mismatches","CARD11",0.004,NA
"666288","[1, 5] mismatches","KMT2A",0.004,NA
"68320","[1, 5] mismatches","NF1",0.004,NA
"68328","[1, 5] mismatches","NF1",0.004,NA
"691920","[1, 5] mismatches","ERF",0.004,NA
"702051","[1, 5] mismatches","NOTCH3",0.004,NA
"715611","[1, 5] mismatches","PIK3CG",0.004,NA
"721836","[1, 5] mismatches","TET1",0.004,NA
"732127","[1, 5] mismatches","PLCG2",0.004,NA
"739931","> 5 mismatches | Indels","CSF1R",0.004,NA
"773980","[1, 5] mismatches","MAP3K1",0.004,NA
"79393","[1, 5] mismatches","RB1",0.004,NA
"800185","[1, 5] mismatches","RB1",0.004,NA
"802373","> 5 mismatches | Indels","BRAF",0.004,NA
"803014","[1, 5] mismatches","PRKD1",0.004,NA
"803335","[1, 5] mismatches","NF1",0.004,NA
"804638","[1, 5] mismatches","NOTCH3",0.004,NA
"805999","[1, 5] mismatches","EP300",0.004,NA
"810700","[1, 5] mismatches","ERCC4",0.004,NA
"811253","[1, 5] mismatches","TGFBR2",0.004,NA
"812886","[1, 5] mismatches","NRAS",0.004,NA
"818895","[1, 5] mismatches","RET",0.004,NA
"820629","[1, 5] mismatches","BRCA1",0.004,NA
"821978","[1, 5] mismatches","STK11",0.004,NA
"822957","[1, 5] mismatches","PDGFRA",0.004,NA
"824539","[1, 5] mismatches","RB1",0.004,NA
"825062","[1, 5] mismatches","VHL",0.004,NA
"826107","[1, 5] mismatches","BARD1",0.004,NA
"826109","[1, 5] mismatches","TP53",0.004,NA
"827631","> 5 mismatches | Indels","EP300",0.004,NA
"834843","> 5 mismatches | Indels","FGFR2",0.004,NA
"835879","[1, 5] mismatches","RECQL4",0.004,NA
"836066","[1, 5] mismatches","RUNX1",0.004,NA
"836545","[1, 5] mismatches","APC",0.004,NA
"838678","[1, 5] mismatches","EGFR",0.004,NA
"839409","[1, 5] mismatches","RTEL1",0.004,NA
"840712","> 5 mismatches | Indels","IFNGR1",0.004,NA
"841457","[1, 5] mismatches","SETD2",0.004,NA
"842354","> 5 mismatches | Indels","RECQL4",0.004,NA
"843370","[1, 5] mismatches","MTOR",0.004,NA
"844239","[1, 5] mismatches","BRCA2",0.004,NA
"844959","> 5 mismatches | Indels","TSC2",0.004,NA
"845224","[1, 5] mismatches","APC",0.004,NA
"845899","[1, 5] mismatches","CEBPA",0.004,NA
"846001","[1, 5] mismatches","TSC1",0.004,NA
"849248","[1, 5] mismatches","POLE",0.004,NA
"849723","[1, 5] mismatches","RECQL4",0.004,NA
"850116","[1, 5] mismatches","PLCG2",0.004,NA
"850423","[1, 5] mismatches","RET",0.004,NA
"851150","[1, 5] mismatches","RB1",0.004,NA
"851567","> 5 mismatches | Indels","NF1",0.004,NA
"854508","[1, 5] mismatches","RRAS",0.004,NA
"858400","[1, 5] mismatches","PDGFRA",0.004,NA
"859161","[1, 5] mismatches","PLCG2",0.004,NA
"860324","[1, 5] mismatches","TSC2",0.004,NA
"862354","[1, 5] mismatches","DICER1",0.004,NA
"864116","> 5 mismatches | Indels","DICER1",0.004,NA
"864156","[1, 5] mismatches","TAP2",0.004,NA
"864205","[1, 5] mismatches","ALK",0.004,NA
"864520","[1, 5] mismatches","TP53",0.004,NA
"865528","[1, 5] mismatches","BRCA1",0.004,NA
"868425","[1, 5] mismatches","BRCA1",0.004,NA
"868565","[1, 5] mismatches","BRCA1",0.004,NA
"869459","[1, 5] mismatches","FGFR2",0.004,NA
"871739","[1, 5] mismatches","HNF1A",0.004,NA
"872724","[1, 5] mismatches","DNMT3A",0.004,NA
"881142","[1, 5] mismatches","ERCC5",0.004,NA
"887623","[1, 5] mismatches","FANCA",0.004,NA
"891293","[1, 5] mismatches","JAK3",0.004,NA
"893170","[1, 5] mismatches","INSR",0.004,NA
"8980","> 5 mismatches | Indels","NKX2-1",0.004,NA
"90852","[1, 5] mismatches","MSH2",0.004,NA
"91246","> 5 mismatches | Indels","MSH2",0.004,NA
"91473","[1, 5] mismatches","BRCA2",0.004,NA
"923391","[1, 5] mismatches","APC",0.004,NA
"92348","[1, 5] mismatches","APC",0.004,NA
"924495","> 5 mismatches | Indels","STK11",0.004,NA
"925200","[1, 5] mismatches","MLH1",0.004,NA
"92842","[1, 5] mismatches","RB1",0.004,NA
"931033","[1, 5] mismatches","MEN1",0.004,NA
"931690","> 5 mismatches | Indels","SETD2",0.004,NA
"933270","[1, 5] mismatches","AXIN2",0.004,NA
"934049","[1, 5] mismatches","TSC2",0.004,NA
"935566","[1, 5] mismatches","FLCN",0.004,NA
"936693","[1, 5] mismatches","POLE",0.004,NA
"936959","[1, 5] mismatches","RET",0.004,NA
"937696","[1, 5] mismatches","ALK",0.004,NA
"938179","[1, 5] mismatches","POLD1",0.004,NA
"939711","[1, 5] mismatches","RECQL4",0.004,NA
"940189","[1, 5] mismatches","AXIN2",0.004,NA
"944424","[1, 5] mismatches","DNMT3B",0.004,NA
"944809","[1, 5] mismatches","RECQL4",0.004,NA
"945095","[1, 5] mismatches","BRCA2",0.004,NA
"946305","> 5 mismatches | Indels","PLCG2",0.004,NA
"947321","[1, 5] mismatches","SETD2",0.004,NA
"947624","[1, 5] mismatches","RTEL1",0.004,NA
"949482","[1, 5] mismatches","RECQL4",0.004,NA
"951440","[1, 5] mismatches","NOTCH1",0.004,NA
"951752","[1, 5] mismatches","IL7R",0.004,NA
"952734","> 5 mismatches | Indels","ATM",0.004,NA
"953189","[1, 5] mismatches","RNF43",0.004,NA
"953426","[1, 5] mismatches","TP53",0.004,NA
"956150","[1, 5] mismatches","RET",0.004,NA
"959509","[1, 5] mismatches","PTCH1",0.004,NA
"961657","[1, 5] mismatches","MEN1",0.004,NA
"963610","> 5 mismatches | Indels","ATR",0.004,NA
"965339","[1, 5] mismatches","BLM",0.004,NA
"966274","[1, 5] mismatches","NF1",0.004,NA
"966484","[1, 5] mismatches","ALK",0.004,NA
"967301","[1, 5] mismatches","RTEL1",0.004,NA
"968299","[1, 5] mismatches","LZTR1",0.004,NA
"968644","[1, 5] mismatches","RB1",0.004,NA
"971034","[1, 5] mismatches","DNMT3B",0.004,NA
"972480","[1, 5] mismatches","IL7R",0.004,NA
"976061","[1, 5] mismatches","IGF2",0.004,NA
"976776","[1, 5] mismatches","SETD2",0.004,NA
"977461","[1, 5] mismatches","JAK1",0.004,NA
"9804","[1, 5] mismatches","AR",0.004,NA
"9819","[1, 5] mismatches","AR",0.004,NA
"982410","[1, 5] mismatches","SMO",0.004,NA
"982602","[1, 5] mismatches","KDM5C",0.004,NA
"984883","[1, 5] mismatches","FOXP1",0.004,NA
"985241","> 5 mismatches | Indels","NKX2-1",0.004,NA
"987325","> 5 mismatches | Indels","KMT2A",0.004,NA
"991704","> 5 mismatches | Indels","RTEL1",0.004,NA
"992605","[1, 5] mismatches","SPEN",0.004,NA
"993135","[1, 5] mismatches","BRCA1",0.004,NA
"994557","[1, 5] mismatches","NOTCH3",0.004,NA
"994562","[1, 5] mismatches","NOTCH3",0.004,NA
"994844","[1, 5] mismatches","NOTCH3",0.004,NA
"995319","[1, 5] mismatches","NOTCH3",0.004,NA
"995748","[1, 5] mismatches","ALOX12B",0.004,NA
"996474","[1, 5] mismatches","NF1",0.004,NA
"1000412","[1, 5] mismatches","BLM",0.002,NA
"1000612","[1, 5] mismatches","DNMT3B",0.002,NA
"1000646","[1, 5] mismatches","RECQL4",0.002,NA
"1000825","[1, 5] mismatches","FGFR2",0.002,NA
"1001071","> 5 mismatches | Indels","ATM",0.002,NA
"1001135","[1, 5] mismatches","DNMT3B",0.002,NA
"1001211","[1, 5] mismatches","ALK",0.002,NA
"1001365","[1, 5] mismatches","PTCH1",0.002,NA
"1001672","[1, 5] mismatches","BRIP1",0.002,NA
"1002410","[1, 5] mismatches","MTOR",0.002,NA
"1002649","[1, 5] mismatches","PIK3CD",0.002,NA
"1003304","[1, 5] mismatches","BRCA2",0.002,NA
"1003344","[1, 5] mismatches","RB1",0.002,NA
"1003730","[1, 5] mismatches","ALK",0.002,NA
"1005576","[1, 5] mismatches","CARD11",0.002,NA
"1005646","[1, 5] mismatches","RECQL4",0.002,NA
"1005829","[1, 5] mismatches","TP53",0.002,NA
"1005945","[1, 5] mismatches","POLD1",0.002,NA
"1006044","[1, 5] mismatches","ALK",0.002,NA
"1006728","[1, 5] mismatches","EGFR",0.002,NA
"1007500","[1, 5] mismatches","TSC2",0.002,NA
"1007883","[1, 5] mismatches","NF2",0.002,NA
"100809","[1, 5] mismatches","RB1",0.002,NA
"1008159","[1, 5] mismatches","FANCA",0.002,NA
"1008648","[1, 5] mismatches","RET",0.002,NA
"1008846","[1, 5] mismatches","RECQL4",0.002,NA
"1009369","[1, 5] mismatches","CBL",0.002,NA
"1010916","[1, 5] mismatches","ALK",0.002,NA
"1011728","[1, 5] mismatches","SUFU",0.002,NA
"1012126","[1, 5] mismatches","MEN1",0.002,NA
"1012251","[1, 5] mismatches","RECQL4",0.002,NA
"1013145","[1, 5] mismatches","NOTCH3",0.002,NA
"1013629","[1, 5] mismatches","TSC2",0.002,NA
"1013634","> 5 mismatches | Indels","BLM",0.002,NA
"1013729","[1, 5] mismatches","APC",0.002,NA
"1013811","[1, 5] mismatches","JAK3",0.002,NA
"1014087","[1, 5] mismatches","ALK",0.002,NA
"1014139","[1, 5] mismatches","MLH1",0.002,NA
"1014229","[1, 5] mismatches","RTEL1",0.002,NA
"1014478","> 5 mismatches | Indels","ATM",0.002,NA
"1014786","[1, 5] mismatches","RNF43",0.002,NA
"1016154","[1, 5] mismatches","APC",0.002,NA
"1017141","[1, 5] mismatches","ATM",0.002,NA
"1017155","[1, 5] mismatches","INPPL1",0.002,NA
"1017825","[1, 5] mismatches","RECQL4",0.002,NA
"1018413","[1, 5] mismatches","CDH1",0.002,NA
"1018781","[1, 5] mismatches","FOXP1",0.002,NA
"1019214","[1, 5] mismatches","RECQL4",0.002,NA
"1019507","[1, 5] mismatches","BRIP1",0.002,NA
"1021257","[1, 5] mismatches","RNF43",0.002,NA
"1022564","[1, 5] mismatches","POT1",0.002,NA
"1023179","[1, 5] mismatches","ALK",0.002,NA
"1023192","[1, 5] mismatches","DDR2",0.002,NA
"1023675","[1, 5] mismatches","SOS1",0.002,NA
"1024788","[1, 5] mismatches","AXIN2",0.002,NA
"1025794","> 5 mismatches | Indels","MSH3",0.002,NA
"1026071","[1, 5] mismatches","ATRX",0.002,NA
"1026217","[1, 5] mismatches","LZTR1",0.002,NA
"1026234","[1, 5] mismatches","KIT",0.002,NA
"1026295","[1, 5] mismatches","AXIN2",0.002,NA
"1026453","[1, 5] mismatches","AXIN2",0.002,NA
"1026561","> 5 mismatches | Indels","RTEL1",0.002,NA
"1026712","[1, 5] mismatches","BRCA1",0.002,NA
"1027106","[1, 5] mismatches","PLCG2",0.002,NA
"1028486","[1, 5] mismatches","RTEL1",0.002,NA
"1031480","[1, 5] mismatches","MTOR",0.002,NA
"1034647","[1, 5] mismatches","RECQL",0.002,NA
"1035228","[1, 5] mismatches","FANCA",0.002,NA
"1035715","[1, 5] mismatches","TSC2",0.002,NA
"1035742","[1, 5] mismatches","PDGFRA",0.002,NA
"1036677","> 5 mismatches | Indels","SETD2",0.002,NA
"1037499","[1, 5] mismatches","PTCH1",0.002,NA
"1037804","[1, 5] mismatches","ICOSLG",0.002,NA
"1037892","[1, 5] mismatches","APC",0.002,NA
"1039170","[1, 5] mismatches","MEN1",0.002,NA
"1039222","[1, 5] mismatches","FAM175A",0.002,NA
"1039756","[1, 5] mismatches","BLM",0.002,NA
"1040346","> 5 mismatches | Indels","CDH1",0.002,NA
"1040357","[1, 5] mismatches","SUFU",0.002,NA
"1041210","[1, 5] mismatches","FANCA",0.002,NA
"1041461","[1, 5] mismatches","RB1",0.002,NA
"1041492","[1, 5] mismatches","BARD1",0.002,NA
"1041944","[1, 5] mismatches","APC",0.002,NA
"1042312","[1, 5] mismatches","POLE",0.002,NA
"1042330","[1, 5] mismatches","ALK",0.002,NA
"1042803","[1, 5] mismatches","FANCA",0.002,NA
"1042931","[1, 5] mismatches","FANCA",0.002,NA
"1043996","[1, 5] mismatches","BLM",0.002,NA
"1044437","[1, 5] mismatches","ALK",0.002,NA
"1044656","[1, 5] mismatches","ALK",0.002,NA
"1044712","[1, 5] mismatches","RAD50",0.002,NA
"1044851","[1, 5] mismatches","PTCH1",0.002,NA
"1044869","[1, 5] mismatches","CTLA4",0.002,NA
"1045132","[1, 5] mismatches","NOTCH1",0.002,NA
"1045624","[1, 5] mismatches","BRIP1",0.002,NA
"1045834","[1, 5] mismatches","TSC2",0.002,NA
"1045957","[1, 5] mismatches","AXIN2",0.002,NA
"1045995","[1, 5] mismatches","NF1",0.002,NA
"1047179","[1, 5] mismatches","RECQL4",0.002,NA
"1048637","> 5 mismatches | Indels","MED12",0.002,NA
"1049026","[1, 5] mismatches","CDH1",0.002,NA
"1049030","[1, 5] mismatches","DNMT1",0.002,NA
"1049067","> 5 mismatches | Indels","MSH3",0.002,NA
"1049152","[1, 5] mismatches","TBX3",0.002,NA
"1049420","[1, 5] mismatches","ATM",0.002,NA
"1049577","[1, 5] mismatches","BRCA1",0.002,NA
"1049793","[1, 5] mismatches","ERCC5",0.002,NA
"1049852","[1, 5] mismatches","FAT1",0.002,NA
"1050408","[1, 5] mismatches","BRCA1",0.002,NA
"1050415","[1, 5] mismatches","KDR",0.002,NA
"1050565","[1, 5] mismatches","FGFR3",0.002,NA
"1050599","[1, 5] mismatches","ERCC5",0.002,NA
"1051393","[1, 5] mismatches","SUFU",0.002,NA
"1051533","> 5 mismatches | Indels","NOTCH1",0.002,NA
"1051697","[1, 5] mismatches","APC",0.002,NA
"1051927","[1, 5] mismatches","CDKN1B",0.002,NA
"1052439","[1, 5] mismatches","AXIN2",0.002,NA
"1052630","[1, 5] mismatches","HRAS",0.002,NA
"1053150","[1, 5] mismatches","BRCA2",0.002,NA
"1053218","[1, 5] mismatches","TP53",0.002,NA
"1053438","[1, 5] mismatches","MAP2K1",0.002,NA
"1053808","[1, 5] mismatches","TP53",0.002,NA
"1054035","[1, 5] mismatches","TP53",0.002,NA
"1054263","[1, 5] mismatches","RECQL4",0.002,NA
"1054478","[1, 5] mismatches","RECQL4",0.002,NA
"1055121","[1, 5] mismatches","DNMT3B",0.002,NA
"1055289","[1, 5] mismatches","TP53",0.002,NA
"1055416","[1, 5] mismatches","LZTR1",0.002,NA
"1055726","[1, 5] mismatches","PLCG2",0.002,NA
"1055766","[1, 5] mismatches","BRCA1",0.002,NA
"1055872","[1, 5] mismatches","POLE",0.002,NA
"1055950","[1, 5] mismatches","CARD11",0.002,NA
"1057230","[1, 5] mismatches","NOTCH3",0.002,NA
"1057541","[1, 5] mismatches","POLD1",0.002,NA
"1057709","[1, 5] mismatches","ALK",0.002,NA
"1057978","[1, 5] mismatches","PMS2",0.002,NA
"1058110","[1, 5] mismatches","PIK3CD",0.002,NA
"1058206","[1, 5] mismatches","RAD50",0.002,NA
"1058208","> 5 mismatches | Indels","ATM",0.002,NA
"1059200","[1, 5] mismatches","BARD1",0.002,NA
"1059295","> 5 mismatches | Indels","RB1",0.002,NA
"1059540","[1, 5] mismatches","RB1",0.002,NA
"1059654","> 5 mismatches | Indels","ATM",0.002,NA
"1059782","> 5 mismatches | Indels","SETD2",0.002,NA
"1060394","[1, 5] mismatches","PTCH1",0.002,NA
"1060415","[1, 5] mismatches","RET",0.002,NA
"1060956","[1, 5] mismatches","BMPR1A",0.002,NA
"1061482","[1, 5] mismatches","BRCA1",0.002,NA
"1062105","[1, 5] mismatches","RB1",0.002,NA
"1063030","> 5 mismatches | Indels","RECQL",0.002,NA
"1063567","[1, 5] mismatches","NF1",0.002,NA
"1063605","[1, 5] mismatches","PMS2",0.002,NA
"1063657","[1, 5] mismatches","BRCA1",0.002,NA
"1063665","[1, 5] mismatches","RET",0.002,NA
"1063704","[1, 5] mismatches","AXIN2",0.002,NA
"1063781","> 5 mismatches | Indels","RECQL4",0.002,NA
"1064254","[1, 5] mismatches","RB1",0.002,NA
"1066213","> 5 mismatches | Indels","MSH3",0.002,NA
"1066465","[1, 5] mismatches","NF1",0.002,NA
"1069441","> 5 mismatches | Indels","ATM",0.002,NA
"1071067","[1, 5] mismatches","FANCA",0.002,NA
"1072961","[1, 5] mismatches","RB1",0.002,NA
"1074842","[1, 5] mismatches","JAK3",0.002,NA
"1075085","[1, 5] mismatches","NF2",0.002,NA
"1075652","[1, 5] mismatches","STK11",0.002,NA
"1092736","[1, 5] mismatches","FLT3",0.002,NA
"1108531","[1, 5] mismatches","NOTCH1",0.002,NA
"1110495","[1, 5] mismatches","NOTCH3",0.002,NA
"1120018","[1, 5] mismatches","RECQL4",0.002,NA
"11361","[1, 5] mismatches","BTK",0.002,NA
"1165255","[1, 5] mismatches","TAP2",0.002,NA
"1172164","[1, 5] mismatches","SMAD3",0.002,NA
"1172631","[1, 5] mismatches","SMAD3",0.002,NA
"1175764","[1, 5] mismatches","GATA3",0.002,NA
"1175769","[1, 5] mismatches","RET",0.002,NA
"1178338","[1, 5] mismatches","TP63",0.002,NA
"1195270","[1, 5] mismatches","FGFR3",0.002,NA
"1198624","[1, 5] mismatches","BRCA1",0.002,NA
"1201068","[1, 5] mismatches","BRIP1",0.002,NA
"1204982","[1, 5] mismatches","KMT2A",0.002,NA
"1206217","[1, 5] mismatches","ERCC2",0.002,NA
"1206904","> 5 mismatches | Indels","TSC1",0.002,NA
"1207190","[1, 5] mismatches","KMT2A",0.002,NA
"1210155","[1, 5] mismatches","PAX5",0.002,NA
"1212100","[1, 5] mismatches","ANKRD11",0.002,NA
"1213041","> 5 mismatches | Indels","IGF1R",0.002,NA
"1220553","> 5 mismatches | Indels","NOTCH4",0.002,NA
"12248","[1, 5] mismatches","CDH1",0.002,NA
"125553","[1, 5] mismatches","BRCA1",0.002,NA
"125707","[1, 5] mismatches","BRCA1",0.002,NA
"126792","[1, 5] mismatches","RB1",0.002,NA
"127359","[1, 5] mismatches","ATM",0.002,NA
"127463","[1, 5] mismatches","ATM",0.002,NA
"127827","> 5 mismatches | Indels","TP53",0.002,NA
"12783","[1, 5] mismatches","SDHB",0.002,NA
"127834","[1, 5] mismatches","MUTYH",0.002,NA
"127840","[1, 5] mismatches","MUTYH",0.002,NA
"127845","[1, 5] mismatches","MUTYH",0.002,NA
"127846","[1, 5] mismatches","MUTYH",0.002,NA
"12791","[1, 5] mismatches","SDHB",0.002,NA
"127938","[1, 5] mismatches","AXIN2",0.002,NA
"127989","[1, 5] mismatches","MRE11A",0.002,NA
"128056","[1, 5] mismatches","CHEK2",0.002,NA
"128058","[1, 5] mismatches","CHEK2",0.002,NA
"1285049","[1, 5] mismatches","BRCA1",0.002,NA
"1292057","> 5 mismatches | Indels","CDH1",0.002,NA
"1297008","[1, 5] mismatches","CSF1R",0.002,NA
"1298749","[1, 5] mismatches","NOTCH3",0.002,NA
"1299379","[1, 5] mismatches","ROS1",0.002,NA
"1301433","[1, 5] mismatches","INPPL1",0.002,NA
"1301520","[1, 5] mismatches","FGFR3",0.002,NA
"1301621","[1, 5] mismatches","EP300",0.002,NA
"1301851","[1, 5] mismatches","SPEN",0.002,NA
"1303523","[1, 5] mismatches","FAT1",0.002,NA
"1304551","[1, 5] mismatches","NOTCH1",0.002,NA
"1305007","[1, 5] mismatches","SMARCA2",0.002,NA
"1305449","[1, 5] mismatches","FOXP1",0.002,NA
"1309428","[1, 5] mismatches","SHOC2",0.002,NA
"1310394","[1, 5] mismatches","BRCA1",0.002,NA
"1311166","[1, 5] mismatches","LZTR1",0.002,NA
"1312455","[1, 5] mismatches","PDGFRB",0.002,NA
"1312635","[1, 5] mismatches","PLCG2",0.002,NA
"1313824","[1, 5] mismatches","MED12",0.002,NA
"1316322","[1, 5] mismatches","FGFR2",0.002,NA
"1316878","[1, 5] mismatches","NF1",0.002,NA
"1317186","[1, 5] mismatches","NF1",0.002,NA
"1319245","[1, 5] mismatches","FANCA",0.002,NA
"1320706","> 5 mismatches | Indels","STAG2",0.002,NA
"1320987","> 5 mismatches | Indels","NKX2-1",0.002,NA
"1321403","[1, 5] mismatches","RRAS",0.002,NA
"1321935","> 5 mismatches | Indels","CUL3",0.002,NA
"1324579","[1, 5] mismatches","IL7R",0.002,NA
"1325600","[1, 5] mismatches","NOTCH3",0.002,NA
"1327070","[1, 5] mismatches","AXIN2",0.002,NA
"132731","[1, 5] mismatches","PTCH1",0.002,NA
"1330716","[1, 5] mismatches","FLT4",0.002,NA
"1330795","[1, 5] mismatches","NOTCH3",0.002,NA
"1331276","[1, 5] mismatches","EP300",0.002,NA
"1332465","[1, 5] mismatches","APC",0.002,NA
"1334139","[1, 5] mismatches","EP300",0.002,NA
"1334148","[1, 5] mismatches","HNF1A",0.002,NA
"1334598","[1, 5] mismatches","FLT4",0.002,NA
"133461","[1, 5] mismatches","ALK",0.002,NA
"1335610","[1, 5] mismatches","NSD1",0.002,NA
"133586","[1, 5] mismatches","ASXL1",0.002,NA
"1335900","[1, 5] mismatches","BTK",0.002,NA
"1335967","[1, 5] mismatches","ANKRD11",0.002,NA
"133613","[1, 5] mismatches","ATM",0.002,NA
"133698","[1, 5] mismatches","BLM",0.002,NA
"1337049","[1, 5] mismatches","MAP3K1",0.002,NA
"1337090","[1, 5] mismatches","ERCC4",0.002,NA
"1337633","[1, 5] mismatches","FANCA",0.002,NA
"1337765","[1, 5] mismatches","BLM",0.002,NA
"1337865","[1, 5] mismatches","MAP3K1",0.002,NA
"1337956","[1, 5] mismatches","DIS3",0.002,NA
"1338065","[1, 5] mismatches","FANCA",0.002,NA
"1338441","[1, 5] mismatches","INSR",0.002,NA
"1338462","[1, 5] mismatches","HNF1A",0.002,NA
"133847","[1, 5] mismatches","CDH1",0.002,NA
"133848","[1, 5] mismatches","CDH1",0.002,NA
"1338658","[1, 5] mismatches","TP53",0.002,NA
"1339766","> 5 mismatches | Indels","ATM",0.002,NA
"134096","[1, 5] mismatches","ERCC2",0.002,NA
"134097","[1, 5] mismatches","ERCC2",0.002,NA
"134140","[1, 5] mismatches","ERCC4",0.002,NA
"134184","[1, 5] mismatches","ERCC5",0.002,NA
"134275","[1, 5] mismatches","FANCA",0.002,NA
"134283","[1, 5] mismatches","FANCA",0.002,NA
"1342907","> 5 mismatches | Indels","MED12",0.002,NA
"1343419","[1, 5] mismatches","SUFU",0.002,NA
"134418","> 5 mismatches | Indels","FH",0.002,NA
"134425","[1, 5] mismatches","FLCN",0.002,NA
"134432","[1, 5] mismatches","FLCN",0.002,NA
"134453","[1, 5] mismatches","FLT3",0.002,NA
"134535","[1, 5] mismatches","IL7R",0.002,NA
"134543","[1, 5] mismatches","JAK1",0.002,NA
"134586","[1, 5] mismatches","JAK3",0.002,NA
"134612","[1, 5] mismatches","KDR",0.002,NA
"134613","[1, 5] mismatches","KDR",0.002,NA
"134944","[1, 5] mismatches","NOTCH1",0.002,NA
"135138","> 5 mismatches | Indels","RECQL4",0.002,NA
"135144","[1, 5] mismatches","RECQL4",0.002,NA
"135148","[1, 5] mismatches","RECQL4",0.002,NA
"135152","[1, 5] mismatches","RECQL4",0.002,NA
"135153","[1, 5] mismatches","RECQL4",0.002,NA
"135170","[1, 5] mismatches","RECQL4",0.002,NA
"135204","[1, 5] mismatches","SETD2",0.002,NA
"135268","[1, 5] mismatches","SMO",0.002,NA
"135496","[1, 5] mismatches","ZRSR2",0.002,NA
"135733","> 5 mismatches | Indels","ATM",0.002,NA
"136112","[1, 5] mismatches","RET",0.002,NA
"137635","[1, 5] mismatches","TGFBR2",0.002,NA
"13921","[1, 5] mismatches","RET",0.002,NA
"13923","> 5 mismatches | Indels","RET",0.002,NA
"13951","[1, 5] mismatches","RET",0.002,NA
"140759","[1, 5] mismatches","MLH1",0.002,NA
"140833","[1, 5] mismatches","TP53",0.002,NA
"140867","[1, 5] mismatches","ATM",0.002,NA
"140870","[1, 5] mismatches","BARD1",0.002,NA
"141064","[1, 5] mismatches","BRCA2",0.002,NA
"141075","[1, 5] mismatches","BRCA2",0.002,NA
"141125","[1, 5] mismatches","BRCA2",0.002,NA
"141160","[1, 5] mismatches","CDH1",0.002,NA
"141168","[1, 5] mismatches","APC",0.002,NA
"141297","[1, 5] mismatches","MLH1",0.002,NA
"141394","[1, 5] mismatches","PMS2",0.002,NA
"141465","[1, 5] mismatches","BRCA1",0.002,NA
"141548","[1, 5] mismatches","APC",0.002,NA
"141576","[1, 5] mismatches","BRIP1",0.002,NA
"141722","[1, 5] mismatches","BRIP1",0.002,NA
"141812","[1, 5] mismatches","BRIP1",0.002,NA
"141815","[1, 5] mismatches","STK11",0.002,NA
"141921","[1, 5] mismatches","ATM",0.002,NA
"141922","[1, 5] mismatches","STK11",0.002,NA
"141968","[1, 5] mismatches","ATM",0.002,NA
"142113","[1, 5] mismatches","BRIP1",0.002,NA
"142276","[1, 5] mismatches","MLH1",0.002,NA
"142382","[1, 5] mismatches","STK11",0.002,NA
"142386","[1, 5] mismatches","TP53",0.002,NA
"142440","[1, 5] mismatches","MUTYH",0.002,NA
"142487","[1, 5] mismatches","ATM",0.002,NA
"142527","[1, 5] mismatches","BRCA2",0.002,NA
"142655","> 5 mismatches | Indels","BRCA1",0.002,NA
"142671","> 5 mismatches | Indels","PMS2",0.002,NA
"142689","[1, 5] mismatches","TP53",0.002,NA
"142691","[1, 5] mismatches","TP53",0.002,NA
"142910","[1, 5] mismatches","BARD1",0.002,NA
"142913","> 5 mismatches | Indels","ATM",0.002,NA
"142926","[1, 5] mismatches","BRCA1",0.002,NA
"142946","[1, 5] mismatches","MLH1",0.002,NA
"142966","[1, 5] mismatches","ATM",0.002,NA
"142995","> 5 mismatches | Indels","TP53",0.002,NA
"14802","[1, 5] mismatches","CD79B",0.002,NA
"14948","[1, 5] mismatches","HNF1A",0.002,NA
"156188","[1, 5] mismatches","BRCA1",0.002,NA
"160347","[1, 5] mismatches","BCL10",0.002,NA
"162128","[1, 5] mismatches","CSF1R",0.002,NA
"162188","[1, 5] mismatches","DNMT1",0.002,NA
"16355","[1, 5] mismatches","FGFR3",0.002,NA
"163662","[1, 5] mismatches","HGF",0.002,NA
"165398","[1, 5] mismatches","TGFBR2",0.002,NA
"16687","[1, 5] mismatches","MEN1",0.002,NA
"16703","[1, 5] mismatches","MEN1",0.002,NA
"16707","[1, 5] mismatches","MEN1",0.002,NA
"167567","> 5 mismatches | Indels","RB1",0.002,NA
"17671","[1, 5] mismatches","BRCA1",0.002,NA
"17675","[1, 5] mismatches","BRCA1",0.002,NA
"177953","[1, 5] mismatches","TGFBR2",0.002,NA
"181902","[1, 5] mismatches","ATM",0.002,NA
"181958","> 5 mismatches | Indels","ATM",0.002,NA
"182001","[1, 5] mismatches","AXIN2",0.002,NA
"182004","[1, 5] mismatches","AXIN2",0.002,NA
"182009","[1, 5] mismatches","AXIN2",0.002,NA
"182022","[1, 5] mismatches","AXIN2",0.002,NA
"182164","[1, 5] mismatches","BRCA1",0.002,NA
"182229","[1, 5] mismatches","BRCA2",0.002,NA
"182484","[1, 5] mismatches","FANCC",0.002,NA
"182485","[1, 5] mismatches","FANCC",0.002,NA
"182525","[1, 5] mismatches","MLH1",0.002,NA
"182689","[1, 5] mismatches","MUTYH",0.002,NA
"182906","> 5 mismatches | Indels","STK11",0.002,NA
"182907","[1, 5] mismatches","STK11",0.002,NA
"183071","[1, 5] mismatches","TP53",0.002,NA
"183185","[1, 5] mismatches","BRCA2",0.002,NA
"184396","[1, 5] mismatches","TSC2",0.002,NA
"185224","[1, 5] mismatches","BRCA2",0.002,NA
"185283","[1, 5] mismatches","BRCA1",0.002,NA
"185295","[1, 5] mismatches","BRCA1",0.002,NA
"185414","[1, 5] mismatches","BRCA1",0.002,NA
"185437","> 5 mismatches | Indels","ATM",0.002,NA
"185459","[1, 5] mismatches","BARD1",0.002,NA
"185581","> 5 mismatches | Indels","TP53",0.002,NA
"185898","> 5 mismatches | Indels","STK11",0.002,NA
"186016","[1, 5] mismatches","BRCA1",0.002,NA
"186056","[1, 5] mismatches","MUTYH",0.002,NA
"186134","[1, 5] mismatches","PMS2",0.002,NA
"186301","[1, 5] mismatches","TP53",0.002,NA
"186333","[1, 5] mismatches","NF1",0.002,NA
"186638","[1, 5] mismatches","NF1",0.002,NA
"186759","[1, 5] mismatches","BRCA1",0.002,NA
"187054","[1, 5] mismatches","BRCA1",0.002,NA
"187280","[1, 5] mismatches","MUTYH",0.002,NA
"187719","[1, 5] mismatches","BRCA1",0.002,NA
"188157","> 5 mismatches | Indels","ATM",0.002,NA
"188305","[1, 5] mismatches","RET",0.002,NA
"188417","[1, 5] mismatches","BRCA1",0.002,NA
"190378","[1, 5] mismatches","MAP2K1",0.002,NA
"194743","[1, 5] mismatches","RECQL4",0.002,NA
"196428","[1, 5] mismatches","SMAD3",0.002,NA
"200988","[1, 5] mismatches","MEN1",0.002,NA
"200989","[1, 5] mismatches","MEN1",0.002,NA
"201016","[1, 5] mismatches","MEN1",0.002,NA
"201609","[1, 5] mismatches","SDHB",0.002,NA
"207630","> 5 mismatches | Indels","TSC1",0.002,NA
"207719","> 5 mismatches | Indels","TSC2",0.002,NA
"207786","[1, 5] mismatches","TSC2",0.002,NA
"208501","[1, 5] mismatches","NOTCH3",0.002,NA
"208853","[1, 5] mismatches","NF1",0.002,NA
"208855","[1, 5] mismatches","NF1",0.002,NA
"208857","[1, 5] mismatches","NF1",0.002,NA
"209218","[1, 5] mismatches","BRCA2",0.002,NA
"213778","[1, 5] mismatches","SMAD3",0.002,NA
"213801","[1, 5] mismatches","SMAD3",0.002,NA
"213916","[1, 5] mismatches","TGFBR2",0.002,NA
"215980","[1, 5] mismatches","ATM",0.002,NA
"216134","[1, 5] mismatches","MEN1",0.002,NA
"216170","[1, 5] mismatches","APC",0.002,NA
"216246","[1, 5] mismatches","BRCA2",0.002,NA
"216431","> 5 mismatches | Indels","STK11",0.002,NA
"216455","[1, 5] mismatches","PMS2",0.002,NA
"216464","> 5 mismatches | Indels","TP53",0.002,NA
"216615","[1, 5] mismatches","MRE11A",0.002,NA
"216667","[1, 5] mismatches","BRCA1",0.002,NA
"216670","[1, 5] mismatches","BRCA1",0.002,NA
"216712","[1, 5] mismatches","RET",0.002,NA
"216783","> 5 mismatches | Indels","BRIP1",0.002,NA
"216813","[1, 5] mismatches","MEN1",0.002,NA
"216885","[1, 5] mismatches","ACVR1",0.002,NA
"217882","[1, 5] mismatches","NOTCH3",0.002,NA
"217927","[1, 5] mismatches","APC",0.002,NA
"217929","[1, 5] mismatches","APC",0.002,NA
"219375","[1, 5] mismatches","NOTCH1",0.002,NA
"219532","[1, 5] mismatches","TP53",0.002,NA
"219739","[1, 5] mismatches","APC",0.002,NA
"220490","[1, 5] mismatches","BRCA2",0.002,NA
"220574","[1, 5] mismatches","RET",0.002,NA
"220643","[1, 5] mismatches","MEN1",0.002,NA
"220794","[1, 5] mismatches","MED12",0.002,NA
"220830","[1, 5] mismatches","RAF1",0.002,NA
"221944","[1, 5] mismatches","FGFR3",0.002,NA
"222757","[1, 5] mismatches","NOTCH1",0.002,NA
"223213","[1, 5] mismatches","VHL",0.002,NA
"223214","[1, 5] mismatches","VHL",0.002,NA
"225737","[1, 5] mismatches","BRCA2",0.002,NA
"225743","[1, 5] mismatches","BRCA2",0.002,NA
"229063","[1, 5] mismatches","NF1",0.002,NA
"229180","[1, 5] mismatches","RAF1",0.002,NA
"229846","[1, 5] mismatches","BARD1",0.002,NA
"229881","[1, 5] mismatches","BRCA2",0.002,NA
"230019","[1, 5] mismatches","NF1",0.002,NA
"230082","[1, 5] mismatches","BARD1",0.002,NA
"230350","[1, 5] mismatches","ATM",0.002,NA
"230412","[1, 5] mismatches","BRCA1",0.002,NA
"230430","> 5 mismatches | Indels","ATM",0.002,NA
"230469","[1, 5] mismatches","STK11",0.002,NA
"230724","[1, 5] mismatches","BRIP1",0.002,NA
"230841","[1, 5] mismatches","ATM",0.002,NA
"230908","[1, 5] mismatches","APC",0.002,NA
"230959","[1, 5] mismatches","APC",0.002,NA
"231713","> 5 mismatches | Indels","BRCA1",0.002,NA
"231729","> 5 mismatches | Indels","ATM",0.002,NA
"231860","[1, 5] mismatches","MUTYH",0.002,NA
"231900","[1, 5] mismatches","BRCA2",0.002,NA
"232058","> 5 mismatches | Indels","BRCA1",0.002,NA
"232194","[1, 5] mismatches","MRE11A",0.002,NA
"232221","[1, 5] mismatches","BRCA2",0.002,NA
"232286","> 5 mismatches | Indels","APC",0.002,NA
"232529","[1, 5] mismatches","RET",0.002,NA
"232618","[1, 5] mismatches","ATM",0.002,NA
"232750","[1, 5] mismatches","TP53",0.002,NA
"232759","[1, 5] mismatches","BRCA1",0.002,NA
"232899","[1, 5] mismatches","APC",0.002,NA
"233009","[1, 5] mismatches","BRCA1",0.002,NA
"233223","[1, 5] mismatches","RAD50",0.002,NA
"233269","[1, 5] mismatches","NF1",0.002,NA
"233509","[1, 5] mismatches","BRIP1",0.002,NA
"233591","[1, 5] mismatches","APC",0.002,NA
"233807","[1, 5] mismatches","NF1",0.002,NA
"233915","> 5 mismatches | Indels","ATM",0.002,NA
"234596","[1, 5] mismatches","CDH1",0.002,NA
"234801","[1, 5] mismatches","BRCA2",0.002,NA
"236620","[1, 5] mismatches","APC",0.002,NA
"237038","[1, 5] mismatches","FANCA",0.002,NA
"237052","[1, 5] mismatches","FANCA",0.002,NA
"237261","> 5 mismatches | Indels","KIT",0.002,NA
"237659","[1, 5] mismatches","RB1",0.002,NA
"237714","[1, 5] mismatches","TSC1",0.002,NA
"237949","[1, 5] mismatches","TP53",0.002,NA
"237952","[1, 5] mismatches","TP53",0.002,NA
"238066","[1, 5] mismatches","TSC2",0.002,NA
"238108","[1, 5] mismatches","VHL",0.002,NA
"239315","[1, 5] mismatches","POLD1",0.002,NA
"239694","[1, 5] mismatches","RECQL4",0.002,NA
"239699","[1, 5] mismatches","RECQL4",0.002,NA
"239759","[1, 5] mismatches","RECQL4",0.002,NA
"239783","[1, 5] mismatches","RECQL4",0.002,NA
"240018","[1, 5] mismatches","AXIN2",0.002,NA
"240105","[1, 5] mismatches","AKT1",0.002,NA
"240313","[1, 5] mismatches","PDGFRA",0.002,NA
"240629","[1, 5] mismatches","POLE",0.002,NA
"240825","> 5 mismatches | Indels","BRCA1",0.002,NA
"241079","[1, 5] mismatches","SUFU",0.002,NA
"241357","[1, 5] mismatches","RET",0.002,NA
"241631","[1, 5] mismatches","BRIP1",0.002,NA
"245673","[1, 5] mismatches","TP53",0.002,NA
"246102","> 5 mismatches | Indels","ATM",0.002,NA
"246257","[1, 5] mismatches","APC",0.002,NA
"246425","[1, 5] mismatches","POLE",0.002,NA
"246476","[1, 5] mismatches","BARD1",0.002,NA
"24936","[1, 5] mismatches","RET",0.002,NA
"253229","[1, 5] mismatches","FLCN",0.002,NA
"253312","[1, 5] mismatches","EP300",0.002,NA
"254405","[1, 5] mismatches","BRCA1",0.002,NA
"254438","[1, 5] mismatches","BRCA1",0.002,NA
"254654","[1, 5] mismatches","STK11",0.002,NA
"256133","[1, 5] mismatches","NOTCH3",0.002,NA
"256146","[1, 5] mismatches","NOTCH3",0.002,NA
"261662","[1, 5] mismatches","FOXL2",0.002,NA
"263339","[1, 5] mismatches","SMAD3",0.002,NA
"264433","[1, 5] mismatches","NOTCH1",0.002,NA
"265535","[1, 5] mismatches","RAF1",0.002,NA
"266204","[1, 5] mismatches","BRCA1",0.002,NA
"266276","[1, 5] mismatches","BRCA1",0.002,NA
"266399","[1, 5] mismatches","BRCA1",0.002,NA
"266463","[1, 5] mismatches","BRCA1",0.002,NA
"266953","[1, 5] mismatches","BRCA2",0.002,NA
"266961","[1, 5] mismatches","BRCA2",0.002,NA
"267565","[1, 5] mismatches","BRCA1",0.002,NA
"279695","[1, 5] mismatches","AXIN2",0.002,NA
"287541","> 5 mismatches | Indels","TSC1",0.002,NA
"289969","[1, 5] mismatches","LZTR1",0.002,NA
"306491","[1, 5] mismatches","MRE11A",0.002,NA
"312283","[1, 5] mismatches","RB1",0.002,NA
"314690","[1, 5] mismatches","TSHR",0.002,NA
"318314","[1, 5] mismatches","TSC2",0.002,NA
"318334","[1, 5] mismatches","TSC2",0.002,NA
"31909","[1, 5] mismatches","TBX3",0.002,NA
"321356","[1, 5] mismatches","FANCA",0.002,NA
"322065","[1, 5] mismatches","FLCN",0.002,NA
"324650","[1, 5] mismatches","AXIN2",0.002,NA
"328387","[1, 5] mismatches","NOTCH3",0.002,NA
"3286","[1, 5] mismatches","NF2",0.002,NA
"3293","[1, 5] mismatches","NF2",0.002,NA
"338164","[1, 5] mismatches","DNMT3B",0.002,NA
"338176","[1, 5] mismatches","DNMT3B",0.002,NA
"352175","[1, 5] mismatches","CSF1R",0.002,NA
"353264","[1, 5] mismatches","IL7R",0.002,NA
"358","[1, 5] mismatches","NF1",0.002,NA
"36866","[1, 5] mismatches","TGFBR2",0.002,NA
"369920","[1, 5] mismatches","FOXL2",0.002,NA
"370814","[1, 5] mismatches","BLM",0.002,NA
"371243","> 5 mismatches | Indels","ATM",0.002,NA
"371801","[1, 5] mismatches","SDHB",0.002,NA
"371930","[1, 5] mismatches","POLE",0.002,NA
"372647","[1, 5] mismatches","RAF1",0.002,NA
"372688","[1, 5] mismatches","TSC2",0.002,NA
"373080","[1, 5] mismatches","IGF2",0.002,NA
"373341","[1, 5] mismatches","FLT4",0.002,NA
"373499","[1, 5] mismatches","NOTCH1",0.002,NA
"37451","[1, 5] mismatches","BRCA1",0.002,NA
"37460","[1, 5] mismatches","BRCA1",0.002,NA
"374740","> 5 mismatches | Indels","NKX2-1",0.002,NA
"37482","[1, 5] mismatches","BRCA1",0.002,NA
"37484","[1, 5] mismatches","BRCA1",0.002,NA
"37536","[1, 5] mismatches","BRCA1",0.002,NA
"375447","[1, 5] mismatches","BRCA1",0.002,NA
"375872","[1, 5] mismatches","NRAS",0.002,NA
"376044","[1, 5] mismatches","SF3B1",0.002,NA
"376055","> 5 mismatches | Indels","PDGFRA",0.002,NA
"376179","[1, 5] mismatches","MAP2K2",0.002,NA
"37625","[1, 5] mismatches","BRCA1",0.002,NA
"376250","> 5 mismatches | Indels","PDGFRA",0.002,NA
"37629","[1, 5] mismatches","BRCA1",0.002,NA
"376323","> 5 mismatches | Indels","HRAS",0.002,NA
"37639","[1, 5] mismatches","BRCA1",0.002,NA
"37640","[1, 5] mismatches","BRCA1",0.002,NA
"376502","[1, 5] mismatches","POLE",0.002,NA
"376567","[1, 5] mismatches","TP53",0.002,NA
"376647","[1, 5] mismatches","TP53",0.002,NA
"376648","[1, 5] mismatches","TP53",0.002,NA
"37674","[1, 5] mismatches","BRCA1",0.002,NA
"37684","> 5 mismatches | Indels","BRCA1",0.002,NA
"377089","[1, 5] mismatches","MED12",0.002,NA
"37727","[1, 5] mismatches","BRCA2",0.002,NA
"37910","[1, 5] mismatches","BRCA2",0.002,NA
"37917","[1, 5] mismatches","BRCA2",0.002,NA
"379609","> 5 mismatches | Indels","BRAF",0.002,NA
"379791","[1, 5] mismatches","MSH2",0.002,NA
"381472","[1, 5] mismatches","TSC2",0.002,NA
"38612","[1, 5] mismatches","RET",0.002,NA
"38629","[1, 5] mismatches","RET",0.002,NA
"389623","[1, 5] mismatches","SDHA",0.002,NA
"392410","[1, 5] mismatches","MED12",0.002,NA
"393279","> 5 mismatches | Indels","NKX2-1",0.002,NA
"403422","> 5 mismatches | Indels","SDHAF2",0.002,NA
"403531","[1, 5] mismatches","TGFBR2",0.002,NA
"404268","[1, 5] mismatches","CDKN1B",0.002,NA
"404314","[1, 5] mismatches","ALK",0.002,NA
"404333","[1, 5] mismatches","ALK",0.002,NA
"404360","[1, 5] mismatches","ALK",0.002,NA
"404370","[1, 5] mismatches","ALK",0.002,NA
"404475","[1, 5] mismatches","NF1",0.002,NA
"404581","[1, 5] mismatches","NF1",0.002,NA
"404603","[1, 5] mismatches","NF1",0.002,NA
"405283","[1, 5] mismatches","BLM",0.002,NA
"405317","> 5 mismatches | Indels","BLM",0.002,NA
"405536","[1, 5] mismatches","RET",0.002,NA
"405545","[1, 5] mismatches","RET",0.002,NA
"405608","[1, 5] mismatches","POLE",0.002,NA
"405618","[1, 5] mismatches","POLE",0.002,NA
"405622","[1, 5] mismatches","POLE",0.002,NA
"405777","[1, 5] mismatches","POLE",0.002,NA
"405821","[1, 5] mismatches","POLE",0.002,NA
"405943","[1, 5] mismatches","TSC2",0.002,NA
"406048","[1, 5] mismatches","TSC2",0.002,NA
"406400","[1, 5] mismatches","SUFU",0.002,NA
"40654","[1, 5] mismatches","SOS1",0.002,NA
"406593","[1, 5] mismatches","TP53",0.002,NA
"406784","[1, 5] mismatches","BARD1",0.002,NA
"406785","[1, 5] mismatches","BARD1",0.002,NA
"406852","[1, 5] mismatches","MUTYH",0.002,NA
"406926","[1, 5] mismatches","RECQL4",0.002,NA
"406945","> 5 mismatches | Indels","RECQL4",0.002,NA
"406946","> 5 mismatches | Indels","RECQL4",0.002,NA
"406950","[1, 5] mismatches","RECQL4",0.002,NA
"406955","[1, 5] mismatches","RECQL4",0.002,NA
"406974","[1, 5] mismatches","RECQL4",0.002,NA
"406978","> 5 mismatches | Indels","RECQL4",0.002,NA
"40699","[1, 5] mismatches","SOS1",0.002,NA
"407006","> 5 mismatches | Indels","RECQL4",0.002,NA
"407008","[1, 5] mismatches","RECQL4",0.002,NA
"407033","[1, 5] mismatches","RECQL4",0.002,NA
"407364","[1, 5] mismatches","NSD1",0.002,NA
"407385","[1, 5] mismatches","PDGFRA",0.002,NA
"407395","> 5 mismatches | Indels","PDGFRA",0.002,NA
"407498","[1, 5] mismatches","ATM",0.002,NA
"407516","> 5 mismatches | Indels","ATM",0.002,NA
"407670","> 5 mismatches | Indels","ATM",0.002,NA
"407799","[1, 5] mismatches","BRIP1",0.002,NA
"407843","[1, 5] mismatches","BRIP1",0.002,NA
"407883","[1, 5] mismatches","MRE11A",0.002,NA
"407890","[1, 5] mismatches","MRE11A",0.002,NA
"408002","[1, 5] mismatches","POLD1",0.002,NA
"408033","[1, 5] mismatches","POLD1",0.002,NA
"408069","[1, 5] mismatches","POLD1",0.002,NA
"408073","[1, 5] mismatches","POLD1",0.002,NA
"408075","[1, 5] mismatches","POLD1",0.002,NA
"408170","[1, 5] mismatches","FANCA",0.002,NA
"408184","[1, 5] mismatches","FANCA",0.002,NA
"408198","[1, 5] mismatches","FANCA",0.002,NA
"408206","[1, 5] mismatches","FANCA",0.002,NA
"408300","[1, 5] mismatches","MTOR",0.002,NA
"408438","[1, 5] mismatches","TGFBR2",0.002,NA
"408480","> 5 mismatches | Indels","MSH2",0.002,NA
"408785","[1, 5] mismatches","AXIN2",0.002,NA
"408786","[1, 5] mismatches","AXIN2",0.002,NA
"408788","[1, 5] mismatches","AXIN2",0.002,NA
"408796","[1, 5] mismatches","AXIN2",0.002,NA
"408806","[1, 5] mismatches","AXIN2",0.002,NA
"408810","[1, 5] mismatches","AXIN2",0.002,NA
"408817","[1, 5] mismatches","AXIN2",0.002,NA
"408843","[1, 5] mismatches","AXIN2",0.002,NA
"409069","[1, 5] mismatches","NOTCH1",0.002,NA
"409140","[1, 5] mismatches","PTCH1",0.002,NA
"409213","[1, 5] mismatches","PTCH1",0.002,NA
"409355","[1, 5] mismatches","BRCA1",0.002,NA
"409421","[1, 5] mismatches","BRCA2",0.002,NA
"409486","[1, 5] mismatches","BRCA2",0.002,NA
"409509","[1, 5] mismatches","BRCA2",0.002,NA
"409628","[1, 5] mismatches","SPRED1",0.002,NA
"409825","[1, 5] mismatches","RUNX1",0.002,NA
"410911","[1, 5] mismatches","AKT1",0.002,NA
"410939","> 5 mismatches | Indels","RB1",0.002,NA
"411016","[1, 5] mismatches","PMS2",0.002,NA
"411227","> 5 mismatches | Indels","TSC1",0.002,NA
"411268","> 5 mismatches | Indels","TSC1",0.002,NA
"411275","[1, 5] mismatches","TSC1",0.002,NA
"411396","> 5 mismatches | Indels","APC",0.002,NA
"411404","[1, 5] mismatches","APC",0.002,NA
"411500","[1, 5] mismatches","APC",0.002,NA
"411515","[1, 5] mismatches","APC",0.002,NA
"411519","[1, 5] mismatches","APC",0.002,NA
"411520","[1, 5] mismatches","APC",0.002,NA
"41223","[1, 5] mismatches","PARK2",0.002,NA
"412356","[1, 5] mismatches","SDHA",0.002,NA
"412461","[1, 5] mismatches","SDHB",0.002,NA
"413911","[1, 5] mismatches","SUFU",0.002,NA
"414834","[1, 5] mismatches","FANCA",0.002,NA
"41508","[1, 5] mismatches","APC",0.002,NA
"41520","[1, 5] mismatches","APC",0.002,NA
"415384","[1, 5] mismatches","NOTCH1",0.002,NA
"41541","[1, 5] mismatches","BRCA2",0.002,NA
"415469","[1, 5] mismatches","PTCH1",0.002,NA
"416497","[1, 5] mismatches","RB1",0.002,NA
"41669","[1, 5] mismatches","NF1",0.002,NA
"41683","[1, 5] mismatches","RB1",0.002,NA
"41704","[1, 5] mismatches","PMS2",0.002,NA
"41705","[1, 5] mismatches","PMS2",0.002,NA
"41718","> 5 mismatches | Indels","PMS2",0.002,NA
"41760","Allele swapping","MUTYH",0.002,NA
"417620","[1, 5] mismatches","BRCA2",0.002,NA
"41798","[1, 5] mismatches","PDGFRA",0.002,NA
"418021","> 5 mismatches | Indels","ATM",0.002,NA
"418023","> 5 mismatches | Indels","ATM",0.002,NA
"41832","[1, 5] mismatches","BRCA1",0.002,NA
"418343","[1, 5] mismatches","MUTYH",0.002,NA
"41839","[1, 5] mismatches","RET",0.002,NA
"41842","[1, 5] mismatches","RET",0.002,NA
"418557","[1, 5] mismatches","BRCA1",0.002,NA
"419113","[1, 5] mismatches","APC",0.002,NA
"419117","[1, 5] mismatches","MUTYH",0.002,NA
"419274","> 5 mismatches | Indels","PMS2",0.002,NA
"419360","[1, 5] mismatches","APC",0.002,NA
"419693","[1, 5] mismatches","AXIN2",0.002,NA
"419702","[1, 5] mismatches","BRCA1",0.002,NA
"420838","[1, 5] mismatches","KDM5C",0.002,NA
"420939","[1, 5] mismatches","STK11",0.002,NA
"421068","[1, 5] mismatches","APC",0.002,NA
"421090","[1, 5] mismatches","PMS2",0.002,NA
"421095","[1, 5] mismatches","BRIP1",0.002,NA
"421314","[1, 5] mismatches","BARD1",0.002,NA
"421371","[1, 5] mismatches","BRCA1",0.002,NA
"423255","[1, 5] mismatches","TP53",0.002,NA
"423343","[1, 5] mismatches","RET",0.002,NA
"425343","[1, 5] mismatches","FAT1",0.002,NA
"426212","[1, 5] mismatches","MEN1",0.002,NA
"426569","[1, 5] mismatches","MED12",0.002,NA
"427022","> 5 mismatches | Indels","BRCA1",0.002,NA
"428003","[1, 5] mismatches","MEN1",0.002,NA
"428011","[1, 5] mismatches","MEN1",0.002,NA
"428050","[1, 5] mismatches","MEN1",0.002,NA
"428077","[1, 5] mismatches","MEN1",0.002,NA
"428083","[1, 5] mismatches","MEN1",0.002,NA
"428157","[1, 5] mismatches","APC",0.002,NA
"428181","[1, 5] mismatches","APC",0.002,NA
"428646","[1, 5] mismatches","FLCN",0.002,NA
"428673","[1, 5] mismatches","RB1",0.002,NA
"428739","[1, 5] mismatches","RB1",0.002,NA
"428767","[1, 5] mismatches","STK11",0.002,NA
"428892","[1, 5] mismatches","TP53",0.002,NA
"428979","[1, 5] mismatches","NF1",0.002,NA
"428997","[1, 5] mismatches","NF1",0.002,NA
"429015","[1, 5] mismatches","NF1",0.002,NA
"430497","[1, 5] mismatches","NF1",0.002,NA
"430643","> 5 mismatches | Indels","EED",0.002,NA
"431133","[1, 5] mismatches","ANKRD11",0.002,NA
"431572","[1, 5] mismatches","NF1",0.002,NA
"431911","[1, 5] mismatches","PIK3R2",0.002,NA
"431922","[1, 5] mismatches","DNMT3B",0.002,NA
"432998","[1, 5] mismatches","RET",0.002,NA
"433670","[1, 5] mismatches","APC",0.002,NA
"433703","[1, 5] mismatches","BRCA1",0.002,NA
"433893","[1, 5] mismatches","MSH2",0.002,NA
"435490","[1, 5] mismatches","IDH2",0.002,NA
"436590","[1, 5] mismatches","RTEL1",0.002,NA
"438304","[1, 5] mismatches","SMARCB1",0.002,NA
"438754","[1, 5] mismatches","BRCA2",0.002,NA
"438980","[1, 5] mismatches","BRCA2",0.002,NA
"440001","[1, 5] mismatches","NF1",0.002,NA
"440157","[1, 5] mismatches","PLCG2",0.002,NA
"444657","[1, 5] mismatches","MSH3",0.002,NA
"445522","[1, 5] mismatches","PLCG2",0.002,NA
"4469","[1, 5] mismatches","DICER1",0.002,NA
"447489","[1, 5] mismatches","HNF1A",0.002,NA
"447775","[1, 5] mismatches","NOTCH3",0.002,NA
"447851","[1, 5] mismatches","NOTCH3",0.002,NA
"447858","[1, 5] mismatches","NOTCH3",0.002,NA
"447870","[1, 5] mismatches","NOTCH3",0.002,NA
"448738","[1, 5] mismatches","TSC2",0.002,NA
"449341","> 5 mismatches | Indels","CDH1",0.002,NA
"449388","[1, 5] mismatches","FH",0.002,NA
"449430","[1, 5] mismatches","NF1",0.002,NA
"450249","[1, 5] mismatches","FANCA",0.002,NA
"451469","[1, 5] mismatches","MED12",0.002,NA
"451592","[1, 5] mismatches","NOTCH3",0.002,NA
"451722","[1, 5] mismatches","LZTR1",0.002,NA
"452578","> 5 mismatches | Indels","DNMT3B",0.002,NA
"452991","[1, 5] mismatches","NOTCH1",0.002,NA
"453359","> 5 mismatches | Indels","ATM",0.002,NA
"453414","[1, 5] mismatches","ATM",0.002,NA
"453450","> 5 mismatches | Indels","ATM",0.002,NA
"45373","[1, 5] mismatches","SOS1",0.002,NA
"453750","[1, 5] mismatches","ATM",0.002,NA
"453873","[1, 5] mismatches","PTCH1",0.002,NA
"453875","[1, 5] mismatches","PTCH1",0.002,NA
"454105","[1, 5] mismatches","BLM",0.002,NA
"454126","[1, 5] mismatches","BLM",0.002,NA
"454219","> 5 mismatches | Indels","MET",0.002,NA
"455742","> 5 mismatches | Indels","PMS2",0.002,NA
"456074","> 5 mismatches | Indels","FANCA",0.002,NA
"456093","[1, 5] mismatches","FANCA",0.002,NA
"457283","[1, 5] mismatches","MEN1",0.002,NA
"457743","[1, 5] mismatches","NF1",0.002,NA
"457903","[1, 5] mismatches","NF2",0.002,NA
"458113","[1, 5] mismatches","RB1",0.002,NA
"458153","[1, 5] mismatches","RB1",0.002,NA
"458364","[1, 5] mismatches","AR",0.002,NA
"458532","[1, 5] mismatches","TP53",0.002,NA
"458533","[1, 5] mismatches","TP53",0.002,NA
"458919","[1, 5] mismatches","KIT",0.002,NA
"458990","[1, 5] mismatches","PDGFRA",0.002,NA
"459045","> 5 mismatches | Indels","PDGFRA",0.002,NA
"459056","[1, 5] mismatches","PDGFRA",0.002,NA
"459337","[1, 5] mismatches","RECQL4",0.002,NA
"459364","[1, 5] mismatches","RECQL4",0.002,NA
"459365","[1, 5] mismatches","RECQL4",0.002,NA
"459374","[1, 5] mismatches","RECQL4",0.002,NA
"459395","> 5 mismatches | Indels","RECQL4",0.002,NA
"459403","> 5 mismatches | Indels","RECQL4",0.002,NA
"459451","[1, 5] mismatches","RECQL4",0.002,NA
"459485","[1, 5] mismatches","RECQL4",0.002,NA
"459512","[1, 5] mismatches","RECQL4",0.002,NA
"459517","[1, 5] mismatches","RECQL4",0.002,NA
"459522","[1, 5] mismatches","RECQL4",0.002,NA
"459526","[1, 5] mismatches","RECQL4",0.002,NA
"461119","[1, 5] mismatches","BRIP1",0.002,NA
"461147","[1, 5] mismatches","BRIP1",0.002,NA
"461154","[1, 5] mismatches","BRIP1",0.002,NA
"461480","[1, 5] mismatches","DNMT3B",0.002,NA
"461483","[1, 5] mismatches","DNMT3B",0.002,NA
"462337","[1, 5] mismatches","BRCA2",0.002,NA
"462585","[1, 5] mismatches","BRCA1",0.002,NA
"462587","[1, 5] mismatches","BRCA1",0.002,NA
"462640","[1, 5] mismatches","BRCA1",0.002,NA
"463737","[1, 5] mismatches","CDH1",0.002,NA
"463740","[1, 5] mismatches","CDH1",0.002,NA
"463781","[1, 5] mismatches","CDH1",0.002,NA
"463824","[1, 5] mismatches","SDHAF2",0.002,NA
"464516","[1, 5] mismatches","AXIN2",0.002,NA
"464542","[1, 5] mismatches","AXIN2",0.002,NA
"464732","[1, 5] mismatches","MUTYH",0.002,NA
"465976","> 5 mismatches | Indels","SDHC",0.002,NA
"466161","> 5 mismatches | Indels","TSC1",0.002,NA
"466369","[1, 5] mismatches","TAP2",0.002,NA
"468801","[1, 5] mismatches","SPRED1",0.002,NA
"468802","[1, 5] mismatches","SPRED1",0.002,NA
"469024","[1, 5] mismatches","CDKN1B",0.002,NA
"469708","[1, 5] mismatches","APC",0.002,NA
"469990","[1, 5] mismatches","APC",0.002,NA
"470013","[1, 5] mismatches","APC",0.002,NA
"470755","[1, 5] mismatches","ALK",0.002,NA
"470763","[1, 5] mismatches","ALK",0.002,NA
"470797","[1, 5] mismatches","ALK",0.002,NA
"470798","[1, 5] mismatches","ALK",0.002,NA
"470825","[1, 5] mismatches","ALK",0.002,NA
"470874","[1, 5] mismatches","ALK",0.002,NA
"472388","[1, 5] mismatches","SDHA",0.002,NA
"472397","[1, 5] mismatches","SDHA",0.002,NA
"472405","[1, 5] mismatches","SDHA",0.002,NA
"473826","[1, 5] mismatches","POLE",0.002,NA
"473918","[1, 5] mismatches","RTEL1",0.002,NA
"475509","[1, 5] mismatches","SETD2",0.002,NA
"477323","[1, 5] mismatches","RET",0.002,NA
"477381","> 5 mismatches | Indels","RET",0.002,NA
"477574","[1, 5] mismatches","SMAD3",0.002,NA
"477875","[1, 5] mismatches","NOTCH1",0.002,NA
"477877","[1, 5] mismatches","NOTCH1",0.002,NA
"477895","[1, 5] mismatches","NOTCH1",0.002,NA
"477903","[1, 5] mismatches","NOTCH1",0.002,NA
"479003","[1, 5] mismatches","ATM",0.002,NA
"479215","[1, 5] mismatches","BRCA1",0.002,NA
"479272","[1, 5] mismatches","BRCA1",0.002,NA
"479533","[1, 5] mismatches","CDH1",0.002,NA
"480766","[1, 5] mismatches","TP53",0.002,NA
"480767","[1, 5] mismatches","TP53",0.002,NA
"480987","[1, 5] mismatches","BRCA1",0.002,NA
"481287","[1, 5] mismatches","ATM",0.002,NA
"481362","[1, 5] mismatches","BARD1",0.002,NA
"481378","[1, 5] mismatches","BARD1",0.002,NA
"481382","[1, 5] mismatches","BARD1",0.002,NA
"481453","[1, 5] mismatches","BRCA1",0.002,NA
"481656","[1, 5] mismatches","BRIP1",0.002,NA
"481765","[1, 5] mismatches","MRE11A",0.002,NA
"482277","[1, 5] mismatches","APC",0.002,NA
"482316","[1, 5] mismatches","APC",0.002,NA
"482341","[1, 5] mismatches","APC",0.002,NA
"482374","[1, 5] mismatches","APC",0.002,NA
"482403","[1, 5] mismatches","APC",0.002,NA
"482434","[1, 5] mismatches","APC",0.002,NA
"482442","[1, 5] mismatches","APC",0.002,NA
"482523","[1, 5] mismatches","APC",0.002,NA
"482670","> 5 mismatches | Indels","ATM",0.002,NA
"482745","> 5 mismatches | Indels","ATM",0.002,NA
"482932","[1, 5] mismatches","BRCA1",0.002,NA
"482975","[1, 5] mismatches","BRCA2",0.002,NA
"483059","[1, 5] mismatches","BRCA2",0.002,NA
"483144","> 5 mismatches | Indels","BRIP1",0.002,NA
"483195","> 5 mismatches | Indels","BRIP1",0.002,NA
"483291","[1, 5] mismatches","CDK4",0.002,NA
"483314","[1, 5] mismatches","CDK4",0.002,NA
"483376","[1, 5] mismatches","CHEK2",0.002,NA
"483570","[1, 5] mismatches","MLH1",0.002,NA
"483665","> 5 mismatches | Indels","MSH2",0.002,NA
"484002","[1, 5] mismatches","NF1",0.002,NA
"484119","[1, 5] mismatches","NF1",0.002,NA
"484140","[1, 5] mismatches","NF1",0.002,NA
"484551","[1, 5] mismatches","POLE",0.002,NA
"484994","> 5 mismatches | Indels","STK11",0.002,NA
"485012","[1, 5] mismatches","STK11",0.002,NA
"485023","[1, 5] mismatches","TP53",0.002,NA
"485040","> 5 mismatches | Indels","TP53",0.002,NA
"485324","[1, 5] mismatches","BARD1",0.002,NA
"485342","[1, 5] mismatches","BLM",0.002,NA
"485400","[1, 5] mismatches","BRCA1",0.002,NA
"485504","[1, 5] mismatches","CDKN1B",0.002,NA
"485589","[1, 5] mismatches","FLCN",0.002,NA
"485721","[1, 5] mismatches","MEN1",0.002,NA
"485936","[1, 5] mismatches","NF1",0.002,NA
"485984","[1, 5] mismatches","NF2",0.002,NA
"486314","[1, 5] mismatches","RET",0.002,NA
"486342","[1, 5] mismatches","RET",0.002,NA
"486421","[1, 5] mismatches","SDHB",0.002,NA
"486526","[1, 5] mismatches","SUFU",0.002,NA
"486688","[1, 5] mismatches","TSC2",0.002,NA
"486737","[1, 5] mismatches","APC",0.002,NA
"486918","[1, 5] mismatches","MUTYH",0.002,NA
"489415","[1, 5] mismatches","APC",0.002,NA
"489469","[1, 5] mismatches","APC",0.002,NA
"489471","[1, 5] mismatches","APC",0.002,NA
"489725","[1, 5] mismatches","BRCA1",0.002,NA
"489805","> 5 mismatches | Indels","BRIP1",0.002,NA
"48991","> 5 mismatches | Indels","TSC1",0.002,NA
"48995","> 5 mismatches | Indels","TSC1",0.002,NA
"489954","> 5 mismatches | Indels","MSH2",0.002,NA
"490321","[1, 5] mismatches","APC",0.002,NA
"490323","[1, 5] mismatches","APC",0.002,NA
"490667","> 5 mismatches | Indels","ATM",0.002,NA
"490676","> 5 mismatches | Indels","ATM",0.002,NA
"490677","> 5 mismatches | Indels","ATM",0.002,NA
"491082","[1, 5] mismatches","BRCA1",0.002,NA
"49130","> 5 mismatches | Indels","TSC1",0.002,NA
"491400","> 5 mismatches | Indels","BRIP1",0.002,NA
"49165","> 5 mismatches | Indels","TSC2",0.002,NA
"492258","[1, 5] mismatches","PMS2",0.002,NA
"492532","> 5 mismatches | Indels","STK11",0.002,NA
"492668","[1, 5] mismatches","APC",0.002,NA
"49322","[1, 5] mismatches","TSC2",0.002,NA
"49351","[1, 5] mismatches","TSC2",0.002,NA
"49362","[1, 5] mismatches","TSC2",0.002,NA
"49370","[1, 5] mismatches","TSC2",0.002,NA
"49377","[1, 5] mismatches","TSC2",0.002,NA
"49427","[1, 5] mismatches","TSC2",0.002,NA
"49456","[1, 5] mismatches","TSC2",0.002,NA
"49507","[1, 5] mismatches","TSC2",0.002,NA
"495368","[1, 5] mismatches","APC",0.002,NA
"495429","[1, 5] mismatches","BRCA2",0.002,NA
"495773","> 5 mismatches | Indels","MSH2",0.002,NA
"49629","[1, 5] mismatches","TSC2",0.002,NA
"496369","[1, 5] mismatches","BRCA1",0.002,NA
"49707","[1, 5] mismatches","TSC2",0.002,NA
"497696","[1, 5] mismatches","FOXP1",0.002,NA
"49819","[1, 5] mismatches","TSC2",0.002,NA
"49834","[1, 5] mismatches","TSC2",0.002,NA
"498553","[1, 5] mismatches","FANCA",0.002,NA
"49867","[1, 5] mismatches","TSC2",0.002,NA
"49930","[1, 5] mismatches","TSC2",0.002,NA
"49961","[1, 5] mismatches","TSC2",0.002,NA
"502012","[1, 5] mismatches","SMAD3",0.002,NA
"503700","> 5 mismatches | Indels","NF1",0.002,NA
"508833","> 5 mismatches | Indels","AR",0.002,NA
"515575","[1, 5] mismatches","NOTCH1",0.002,NA
"51655","[1, 5] mismatches","BRCA2",0.002,NA
"51660","[1, 5] mismatches","BRCA2",0.002,NA
"51676","[1, 5] mismatches","BRCA2",0.002,NA
"51691","[1, 5] mismatches","BRCA2",0.002,NA
"520086","[1, 5] mismatches","NOTCH1",0.002,NA
"520183","[1, 5] mismatches","SMAD3",0.002,NA
"520559","[1, 5] mismatches","AXIN2",0.002,NA
"52096","[1, 5] mismatches","BRCA2",0.002,NA
"520981","[1, 5] mismatches","PTCH1",0.002,NA
"52108","[1, 5] mismatches","BRCA2",0.002,NA
"52113","[1, 5] mismatches","BRCA2",0.002,NA
"52125","[1, 5] mismatches","BRCA2",0.002,NA
"521365","[1, 5] mismatches","MED12",0.002,NA
"521456","[1, 5] mismatches","RECQL4",0.002,NA
"521889","[1, 5] mismatches","DNMT3A",0.002,NA
"524233","> 5 mismatches | Indels","ATM",0.002,NA
"524248","> 5 mismatches | Indels","ATM",0.002,NA
"524781","[1, 5] mismatches","BLM",0.002,NA
"524814","[1, 5] mismatches","BLM",0.002,NA
"526387","[1, 5] mismatches","FANCA",0.002,NA
"527263","[1, 5] mismatches","MEN1",0.002,NA
"527374","[1, 5] mismatches","RAD50",0.002,NA
"527577","[1, 5] mismatches","NF1",0.002,NA
"527792","[1, 5] mismatches","RRAS",0.002,NA
"527793","[1, 5] mismatches","RRAS",0.002,NA
"527836","[1, 5] mismatches","STK11",0.002,NA
"527916","[1, 5] mismatches","RB1",0.002,NA
"527935","[1, 5] mismatches","RB1",0.002,NA
"528236","[1, 5] mismatches","TP53",0.002,NA
"528258","[1, 5] mismatches","TP53",0.002,NA
"528270","[1, 5] mismatches","TP53",0.002,NA
"528591","> 5 mismatches | Indels","KIT",0.002,NA
"528745","[1, 5] mismatches","SDHB",0.002,NA
"528920","[1, 5] mismatches","RECQL4",0.002,NA
"528922","[1, 5] mismatches","RECQL4",0.002,NA
"528925","[1, 5] mismatches","RECQL4",0.002,NA
"528964","[1, 5] mismatches","RECQL4",0.002,NA
"528970","[1, 5] mismatches","RECQL4",0.002,NA
"528977","[1, 5] mismatches","RECQL4",0.002,NA
"528979","[1, 5] mismatches","RECQL4",0.002,NA
"529017","[1, 5] mismatches","RECQL4",0.002,NA
"529019","> 5 mismatches | Indels","RECQL4",0.002,NA
"529021","[1, 5] mismatches","RECQL4",0.002,NA
"529827","> 5 mismatches | Indels","FH",0.002,NA
"530001","[1, 5] mismatches","FLCN",0.002,NA
"530032","[1, 5] mismatches","BARD1",0.002,NA
"530165","[1, 5] mismatches","BARD1",0.002,NA
"530315","[1, 5] mismatches","BRIP1",0.002,NA
"531306","[1, 5] mismatches","BRCA2",0.002,NA
"531444","[1, 5] mismatches","BRCA1",0.002,NA
"532471","[1, 5] mismatches","CDH1",0.002,NA
"532665","[1, 5] mismatches","RUNX1",0.002,NA
"533150","[1, 5] mismatches","AXIN2",0.002,NA
"533167","[1, 5] mismatches","AXIN2",0.002,NA
"533181","[1, 5] mismatches","AXIN2",0.002,NA
"533183","[1, 5] mismatches","AXIN2",0.002,NA
"533211","[1, 5] mismatches","AXIN2",0.002,NA
"533213","[1, 5] mismatches","AXIN2",0.002,NA
"533219","[1, 5] mismatches","AXIN2",0.002,NA
"533240","[1, 5] mismatches","AXIN2",0.002,NA
"537420","[1, 5] mismatches","APC",0.002,NA
"537518","> 5 mismatches | Indels","APC",0.002,NA
"537564","[1, 5] mismatches","APC",0.002,NA
"538272","[1, 5] mismatches","ALK",0.002,NA
"538273","[1, 5] mismatches","ALK",0.002,NA
"539676","[1, 5] mismatches","SDHA",0.002,NA
"540650","[1, 5] mismatches","POLE",0.002,NA
"540745","[1, 5] mismatches","POLE",0.002,NA
"540778","[1, 5] mismatches","POLE",0.002,NA
"543745","[1, 5] mismatches","RET",0.002,NA
"543747","[1, 5] mismatches","RET",0.002,NA
"54503","[1, 5] mismatches","BRCA1",0.002,NA
"54507","[1, 5] mismatches","BRCA1",0.002,NA
"54512","[1, 5] mismatches","BRCA1",0.002,NA
"545490","> 5 mismatches | Indels","STK11",0.002,NA
"54592","[1, 5] mismatches","BRCA1",0.002,NA
"54594","[1, 5] mismatches","BRCA1",0.002,NA
"546089","[1, 5] mismatches","NOTCH3",0.002,NA
"54610","[1, 5] mismatches","BRCA1",0.002,NA
"54624","[1, 5] mismatches","BRCA1",0.002,NA
"546282","[1, 5] mismatches","RTEL1",0.002,NA
"546533","> 5 mismatches | Indels","NOTCH1",0.002,NA
"54673","[1, 5] mismatches","BRCA1",0.002,NA
"547565","[1, 5] mismatches","NF1",0.002,NA
"54773","[1, 5] mismatches","BRCA1",0.002,NA
"54802","[1, 5] mismatches","BRCA1",0.002,NA
"54906","[1, 5] mismatches","BRCA1",0.002,NA
"54911","[1, 5] mismatches","BRCA1",0.002,NA
"54913","[1, 5] mismatches","BRCA1",0.002,NA
"54917","[1, 5] mismatches","BRCA1",0.002,NA
"54929","[1, 5] mismatches","BRCA1",0.002,NA
"54930","[1, 5] mismatches","BRCA1",0.002,NA
"54948","[1, 5] mismatches","BRCA1",0.002,NA
"54971","> 5 mismatches | Indels","BRCA1",0.002,NA
"549754","[1, 5] mismatches","LZTR1",0.002,NA
"55067","> 5 mismatches | Indels","BRCA1",0.002,NA
"551327","> 5 mismatches | Indels","BLM",0.002,NA
"551354","[1, 5] mismatches","FANCA",0.002,NA
"55146","[1, 5] mismatches","BRCA1",0.002,NA
"55155","[1, 5] mismatches","BRCA1",0.002,NA
"55162","[1, 5] mismatches","BRCA1",0.002,NA
"55213","[1, 5] mismatches","BRCA1",0.002,NA
"55218","[1, 5] mismatches","BRCA1",0.002,NA
"552283","[1, 5] mismatches","FANCA",0.002,NA
"552483","[1, 5] mismatches","FANCA",0.002,NA
"55262","[1, 5] mismatches","BRCA1",0.002,NA
"55281","[1, 5] mismatches","BRCA1",0.002,NA
"55311","[1, 5] mismatches","BRCA1",0.002,NA
"55348","[1, 5] mismatches","BRCA1",0.002,NA
"55350","[1, 5] mismatches","BRCA1",0.002,NA
"55365","[1, 5] mismatches","BRCA1",0.002,NA
"553724","[1, 5] mismatches","RTEL1",0.002,NA
"55377","[1, 5] mismatches","BRCA1",0.002,NA
"55379","[1, 5] mismatches","BRCA1",0.002,NA
"55407","[1, 5] mismatches","BRCA1",0.002,NA
"55410","[1, 5] mismatches","BRCA1",0.002,NA
"55412","[1, 5] mismatches","BRCA1",0.002,NA
"556315","[1, 5] mismatches","ATM",0.002,NA
"55636","> 5 mismatches | Indels","BRCA1",0.002,NA
"560625","[1, 5] mismatches","RET",0.002,NA
"561097","[1, 5] mismatches","RECQL4",0.002,NA
"561693","> 5 mismatches | Indels","BRAF",0.002,NA
"561729","[1, 5] mismatches","RAF1",0.002,NA
"56406","> 5 mismatches | Indels","RECQL4",0.002,NA
"565309","[1, 5] mismatches","ATM",0.002,NA
"565467","[1, 5] mismatches","NF2",0.002,NA
"565593","[1, 5] mismatches","FLCN",0.002,NA
"566200","[1, 5] mismatches","RET",0.002,NA
"566620","[1, 5] mismatches","POLE",0.002,NA
"566694","[1, 5] mismatches","AXIN2",0.002,NA
"566891","[1, 5] mismatches","ATM",0.002,NA
"566948","[1, 5] mismatches","APC",0.002,NA
"567975","[1, 5] mismatches","TGFBR2",0.002,NA
"568414","[1, 5] mismatches","PDGFRA",0.002,NA
"568519","[1, 5] mismatches","PDGFRA",0.002,NA
"568629","[1, 5] mismatches","TSC1",0.002,NA
"568994","[1, 5] mismatches","BRIP1",0.002,NA
"569178","[1, 5] mismatches","BLM",0.002,NA
"569188","[1, 5] mismatches","NF1",0.002,NA
"569256","[1, 5] mismatches","ALK",0.002,NA
"569258","[1, 5] mismatches","DNMT3B",0.002,NA
"569326","[1, 5] mismatches","IL7R",0.002,NA
"569423","> 5 mismatches | Indels","ATM",0.002,NA
"569870","[1, 5] mismatches","RET",0.002,NA
"569970","[1, 5] mismatches","AXIN2",0.002,NA
"570340","[1, 5] mismatches","ATRX",0.002,NA
"570463","[1, 5] mismatches","POLD1",0.002,NA
"570576","[1, 5] mismatches","ALK",0.002,NA
"570967","[1, 5] mismatches","ATM",0.002,NA
"571542","[1, 5] mismatches","MAP2K2",0.002,NA
"571736","[1, 5] mismatches","BLM",0.002,NA
"571823","[1, 5] mismatches","AXIN2",0.002,NA
"571929","[1, 5] mismatches","KIT",0.002,NA
"572110","> 5 mismatches | Indels","RB1",0.002,NA
"572418","[1, 5] mismatches","AXIN2",0.002,NA
"573025","[1, 5] mismatches","RECQL4",0.002,NA
"573508","[1, 5] mismatches","CD79B",0.002,NA
"573575","> 5 mismatches | Indels","RB1",0.002,NA
"573636","[1, 5] mismatches","PTCH1",0.002,NA
"574000","[1, 5] mismatches","CEBPA",0.002,NA
"574507","[1, 5] mismatches","SDHB",0.002,NA
"574925","> 5 mismatches | Indels","RB1",0.002,NA
"574955","[1, 5] mismatches","RB1",0.002,NA
"575338","> 5 mismatches | Indels","STAT5B",0.002,NA
"575364","> 5 mismatches | Indels","RB1",0.002,NA
"575417","> 5 mismatches | Indels","APC",0.002,NA
"575784","[1, 5] mismatches","PIK3CD",0.002,NA
"575890","[1, 5] mismatches","ALK",0.002,NA
"576321","[1, 5] mismatches","BRCA2",0.002,NA
"576571","[1, 5] mismatches","APC",0.002,NA
"576577","[1, 5] mismatches","FANCA",0.002,NA
"576974","[1, 5] mismatches","POLE",0.002,NA
"577055","[1, 5] mismatches","RECQL4",0.002,NA
"577136","[1, 5] mismatches","PTCH1",0.002,NA
"577956","[1, 5] mismatches","AXIN2",0.002,NA
"577975","[1, 5] mismatches","ATM",0.002,NA
"578382","> 5 mismatches | Indels","ATM",0.002,NA
"579025","[1, 5] mismatches","ALK",0.002,NA
"579149","[1, 5] mismatches","RECQL4",0.002,NA
"579376","[1, 5] mismatches","TP53",0.002,NA
"579434","[1, 5] mismatches","RECQL4",0.002,NA
"579871","> 5 mismatches | Indels","PLCG2",0.002,NA
"579914","[1, 5] mismatches","RB1",0.002,NA
"580428","> 5 mismatches | Indels","POT1",0.002,NA
"581396","[1, 5] mismatches","APC",0.002,NA
"581493","[1, 5] mismatches","APC",0.002,NA
"581550","[1, 5] mismatches","RTEL1",0.002,NA
"581560","> 5 mismatches | Indels","RASA1",0.002,NA
"582019","> 5 mismatches | Indels","NF1",0.002,NA
"582116","> 5 mismatches | Indels","SMARCB1",0.002,NA
"582597","[1, 5] mismatches","RET",0.002,NA
"582662","[1, 5] mismatches","POLE",0.002,NA
"582775","[1, 5] mismatches","SDHA",0.002,NA
"583081","[1, 5] mismatches","FLCN",0.002,NA
"583271","[1, 5] mismatches","APC",0.002,NA
"583381","[1, 5] mismatches","TSC2",0.002,NA
"584745","> 5 mismatches | Indels","RET",0.002,NA
"584747","[1, 5] mismatches","RET",0.002,NA
"584821","> 5 mismatches | Indels","RECQL",0.002,NA
"584890","[1, 5] mismatches","BLM",0.002,NA
"585113","[1, 5] mismatches","NOTCH1",0.002,NA
"588954","[1, 5] mismatches","FOXP1",0.002,NA
"589781","[1, 5] mismatches","ANKRD11",0.002,NA
"591477","[1, 5] mismatches","NOTCH3",0.002,NA
"591503","[1, 5] mismatches","SMAD3",0.002,NA
"595584","[1, 5] mismatches","NOTCH2",0.002,NA
"596345","[1, 5] mismatches","NOTCH2",0.002,NA
"598142","[1, 5] mismatches","HNF1A",0.002,NA
"599630","> 5 mismatches | Indels","RET",0.002,NA
"6065","[1, 5] mismatches","RECQL4",0.002,NA
"60662","[1, 5] mismatches","GNA11",0.002,NA
"6077","[1, 5] mismatches","RECQL4",0.002,NA
"618252","[1, 5] mismatches","NF1",0.002,NA
"618829","[1, 5] mismatches","PLCG2",0.002,NA
"618831","[1, 5] mismatches","PLCG2",0.002,NA
"619566","[1, 5] mismatches","MSH2",0.002,NA
"619569","[1, 5] mismatches","MSH2",0.002,NA
"619648","[1, 5] mismatches","BRCA2",0.002,NA
"619662","[1, 5] mismatches","BRIP1",0.002,NA
"619714","[1, 5] mismatches","POLD1",0.002,NA
"619809","[1, 5] mismatches","BRCA2",0.002,NA
"623912","[1, 5] mismatches","FANCA",0.002,NA
"624343","> 5 mismatches | Indels","RAD21",0.002,NA
"624613","[1, 5] mismatches","IL7R",0.002,NA
"625247","[1, 5] mismatches","VHL",0.002,NA
"627752","[1, 5] mismatches","BRCA2",0.002,NA
"627852","> 5 mismatches | Indels","ATM",0.002,NA
"627910","[1, 5] mismatches","BRCA1",0.002,NA
"627985","> 5 mismatches | Indels","PMS2",0.002,NA
"628215","[1, 5] mismatches","BARD1",0.002,NA
"628273","[1, 5] mismatches","BARD1",0.002,NA
"628488","[1, 5] mismatches","BMPR1A",0.002,NA
"629094","> 5 mismatches | Indels","CDH1",0.002,NA
"629611","> 5 mismatches | Indels","ATM",0.002,NA
"629791","[1, 5] mismatches","TP53",0.002,NA
"630031","[1, 5] mismatches","TP53",0.002,NA
"630188","[1, 5] mismatches","BRCA1",0.002,NA
"630466","[1, 5] mismatches","BRCA1",0.002,NA
"630778","[1, 5] mismatches","APC",0.002,NA
"630899","[1, 5] mismatches","APC",0.002,NA
"630922","[1, 5] mismatches","APC",0.002,NA
"631168","[1, 5] mismatches","BRCA2",0.002,NA
"631249","[1, 5] mismatches","BRCA1",0.002,NA
"631407","[1, 5] mismatches","BRCA1",0.002,NA
"631572","[1, 5] mismatches","DDR2",0.002,NA
"633004","[1, 5] mismatches","SOS1",0.002,NA
"633437","> 5 mismatches | Indels","STK11",0.002,NA
"634732","[1, 5] mismatches","BARD1",0.002,NA
"634764","[1, 5] mismatches","TP53",0.002,NA
"635380","> 5 mismatches | Indels","SMARCB1",0.002,NA
"636970","[1, 5] mismatches","PLCG2",0.002,NA
"638943","[1, 5] mismatches","POLE",0.002,NA
"639029","[1, 5] mismatches","RB1",0.002,NA
"639817","[1, 5] mismatches","RECQL4",0.002,NA
"639969","[1, 5] mismatches","ALK",0.002,NA
"640033","[1, 5] mismatches","AKT1",0.002,NA
"640269","[1, 5] mismatches","RECQL4",0.002,NA
"640554","[1, 5] mismatches","RECQL4",0.002,NA
"640846","> 5 mismatches | Indels","ATM",0.002,NA
"641150","[1, 5] mismatches","RUNX1",0.002,NA
"641175","[1, 5] mismatches","AXIN2",0.002,NA
"641179","[1, 5] mismatches","ALK",0.002,NA
"642105","> 5 mismatches | Indels","IFNGR1",0.002,NA
"642503","[1, 5] mismatches","ERCC4",0.002,NA
"642954","[1, 5] mismatches","BRCA1",0.002,NA
"643023","[1, 5] mismatches","MEN1",0.002,NA
"643078","[1, 5] mismatches","TP53",0.002,NA
"643310","[1, 5] mismatches","DNMT3B",0.002,NA
"643527","[1, 5] mismatches","DNMT3B",0.002,NA
"643576","> 5 mismatches | Indels","TP53",0.002,NA
"643742","[1, 5] mismatches","NF2",0.002,NA
"643759","[1, 5] mismatches","CARD11",0.002,NA
"644654","[1, 5] mismatches","AXIN2",0.002,NA
"644935","[1, 5] mismatches","BRCA1",0.002,NA
"644944","[1, 5] mismatches","PTCH1",0.002,NA
"645016","[1, 5] mismatches","CARD11",0.002,NA
"645026","[1, 5] mismatches","PDGFRA",0.002,NA
"645197","[1, 5] mismatches","RECQL4",0.002,NA
"645267","[1, 5] mismatches","NTRK1",0.002,NA
"645423","[1, 5] mismatches","RB1",0.002,NA
"645770","[1, 5] mismatches","NF1",0.002,NA
"646502","[1, 5] mismatches","PDGFRA",0.002,NA
"646530","[1, 5] mismatches","TSC2",0.002,NA
"646911","[1, 5] mismatches","AXIN2",0.002,NA
"647229","[1, 5] mismatches","FANCA",0.002,NA
"647239","[1, 5] mismatches","SDHAF2",0.002,NA
"647382","> 5 mismatches | Indels","RB1",0.002,NA
"647609","[1, 5] mismatches","BRCA2",0.002,NA
"647687","[1, 5] mismatches","PDGFRA",0.002,NA
"647717","[1, 5] mismatches","FLCN",0.002,NA
"647878","[1, 5] mismatches","AXIN2",0.002,NA
"64797","> 5 mismatches | Indels","TSC1",0.002,NA
"648130","[1, 5] mismatches","CDH1",0.002,NA
"648248","[1, 5] mismatches","BARD1",0.002,NA
"64826","> 5 mismatches | Indels","TSC1",0.002,NA
"648304","[1, 5] mismatches","POLE",0.002,NA
"648442","[1, 5] mismatches","PTCH1",0.002,NA
"648542","[1, 5] mismatches","RUNX1",0.002,NA
"648627","[1, 5] mismatches","FANCA",0.002,NA
"648877","[1, 5] mismatches","NF1",0.002,NA
"648985","[1, 5] mismatches","FANCA",0.002,NA
"649139","> 5 mismatches | Indels","RB1",0.002,NA
"649162","[1, 5] mismatches","CDK4",0.002,NA
"649463","[1, 5] mismatches","CEBPA",0.002,NA
"649525","[1, 5] mismatches","VHL",0.002,NA
"649570","[1, 5] mismatches","AXIN2",0.002,NA
"649801","[1, 5] mismatches","BLM",0.002,NA
"650039","[1, 5] mismatches","NF1",0.002,NA
"650198","[1, 5] mismatches","BRCA1",0.002,NA
"650224","[1, 5] mismatches","BRIP1",0.002,NA
"650329","> 5 mismatches | Indels","PLCG2",0.002,NA
"650738","[1, 5] mismatches","BTK",0.002,NA
"651105","[1, 5] mismatches","BLM",0.002,NA
"651123","[1, 5] mismatches","AXIN2",0.002,NA
"651437","[1, 5] mismatches","NSD1",0.002,NA
"651691","[1, 5] mismatches","RB1",0.002,NA
"652372","[1, 5] mismatches","RTEL1",0.002,NA
"652730","[1, 5] mismatches","NOTCH1",0.002,NA
"652914","[1, 5] mismatches","PTCH1",0.002,NA
"652931","> 5 mismatches | Indels","TSC1",0.002,NA
"653263","[1, 5] mismatches","RB1",0.002,NA
"653409","[1, 5] mismatches","ALK",0.002,NA
"653565","[1, 5] mismatches","FLCN",0.002,NA
"653727","[1, 5] mismatches","ALK",0.002,NA
"653762","> 5 mismatches | Indels","ATM",0.002,NA
"654157","[1, 5] mismatches","POLE",0.002,NA
"654329","[1, 5] mismatches","ALK",0.002,NA
"654394","[1, 5] mismatches","DNMT1",0.002,NA
"654750","[1, 5] mismatches","ATM",0.002,NA
"654755","[1, 5] mismatches","BRIP1",0.002,NA
"654873","[1, 5] mismatches","POLD1",0.002,NA
"655006","[1, 5] mismatches","TSC2",0.002,NA
"655274","> 5 mismatches | Indels","ATM",0.002,NA
"655278","[1, 5] mismatches","APC",0.002,NA
"655698","[1, 5] mismatches","DNMT3B",0.002,NA
"656007","[1, 5] mismatches","KIT",0.002,NA
"656009","[1, 5] mismatches","APC",0.002,NA
"656279","[1, 5] mismatches","BRCA1",0.002,NA
"656375","[1, 5] mismatches","PDGFRA",0.002,NA
"656418","[1, 5] mismatches","RECQL4",0.002,NA
"656447","[1, 5] mismatches","MTOR",0.002,NA
"656527","[1, 5] mismatches","RECQL4",0.002,NA
"656686","[1, 5] mismatches","MSH3",0.002,NA
"656766","[1, 5] mismatches","POLE",0.002,NA
"656925","[1, 5] mismatches","FANCA",0.002,NA
"657094","[1, 5] mismatches","CARD11",0.002,NA
"657236","[1, 5] mismatches","RECQL4",0.002,NA
"657547","[1, 5] mismatches","RET",0.002,NA
"657637","[1, 5] mismatches","FANCA",0.002,NA
"658026","[1, 5] mismatches","MLH1",0.002,NA
"658113","> 5 mismatches | Indels","NF1",0.002,NA
"658190","[1, 5] mismatches","RAF1",0.002,NA
"658336","[1, 5] mismatches","NTRK1",0.002,NA
"658923","[1, 5] mismatches","TP53",0.002,NA
"659006","[1, 5] mismatches","BRCA1",0.002,NA
"659073","[1, 5] mismatches","TSC2",0.002,NA
"659231","[1, 5] mismatches","TSC2",0.002,NA
"659352","> 5 mismatches | Indels","STK11",0.002,NA
"659439","[1, 5] mismatches","ATRX",0.002,NA
"659476","[1, 5] mismatches","RTEL1",0.002,NA
"659502","[1, 5] mismatches","ATM",0.002,NA
"659626","> 5 mismatches | Indels","TP53",0.002,NA
"659947","[1, 5] mismatches","ALK",0.002,NA
"659952","[1, 5] mismatches","ATM",0.002,NA
"660334","[1, 5] mismatches","FANCA",0.002,NA
"660881","[1, 5] mismatches","NF1",0.002,NA
"661177","[1, 5] mismatches","STK11",0.002,NA
"661251","[1, 5] mismatches","MTOR",0.002,NA
"661321","[1, 5] mismatches","STK11",0.002,NA
"661533","[1, 5] mismatches","NF1",0.002,NA
"662083","[1, 5] mismatches","AXIN2",0.002,NA
"662308","[1, 5] mismatches","PLCG2",0.002,NA
"662441","[1, 5] mismatches","CDH1",0.002,NA
"663386","[1, 5] mismatches","STK11",0.002,NA
"663398","[1, 5] mismatches","PDGFRA",0.002,NA
"664294","[1, 5] mismatches","RECQL4",0.002,NA
"664328","[1, 5] mismatches","RTEL1",0.002,NA
"664384","[1, 5] mismatches","FLCN",0.002,NA
"664592","[1, 5] mismatches","RET",0.002,NA
"664716","> 5 mismatches | Indels","RB1",0.002,NA
"665699","> 5 mismatches | Indels","MSH3",0.002,NA
"666187","[1, 5] mismatches","RUNX1",0.002,NA
"666573","[1, 5] mismatches","CDC42",0.002,NA
"702043","[1, 5] mismatches","ERF",0.002,NA
"703411","> 5 mismatches | Indels","RB1",0.002,NA
"7037","[1, 5] mismatches","PARK2",0.002,NA
"717089","[1, 5] mismatches","KMT2B",0.002,NA
"718867","[1, 5] mismatches","PLCG2",0.002,NA
"720800","[1, 5] mismatches","ASXL1",0.002,NA
"725804","> 5 mismatches | Indels","MSH3",0.002,NA
"729855","[1, 5] mismatches","FAT1",0.002,NA
"736763","[1, 5] mismatches","ROS1",0.002,NA
"744802","[1, 5] mismatches","ACVR1",0.002,NA
"754733","[1, 5] mismatches","GLI1",0.002,NA
"759929","> 5 mismatches | Indels","MSH3",0.002,NA
"774468","[1, 5] mismatches","EGFL7",0.002,NA
"779066","[1, 5] mismatches","PARP1",0.002,NA
"783880","[1, 5] mismatches","ICOSLG",0.002,NA
"789042","[1, 5] mismatches","KMT2A",0.002,NA
"797509","[1, 5] mismatches","CYLD",0.002,NA
"801744","[1, 5] mismatches","ERCC3",0.002,NA
"802735","> 5 mismatches | Indels","ATM",0.002,NA
"802940","[1, 5] mismatches","BRCA2",0.002,NA
"803340","[1, 5] mismatches","NF1",0.002,NA
"80405","[1, 5] mismatches","NF1",0.002,NA
"804632","[1, 5] mismatches","NOTCH3",0.002,NA
"804643","[1, 5] mismatches","NOTCH3",0.002,NA
"804650","[1, 5] mismatches","NOTCH3",0.002,NA
"805632","[1, 5] mismatches","HNF1A",0.002,NA
"805633","[1, 5] mismatches","HNF1A",0.002,NA
"806957","[1, 5] mismatches","HNF1A",0.002,NA
"808493","[1, 5] mismatches","NOTCH3",0.002,NA
"808701","[1, 5] mismatches","DNMT3A",0.002,NA
"812075","[1, 5] mismatches","NOTCH3",0.002,NA
"813637","[1, 5] mismatches","RTEL1",0.002,NA
"818185","> 5 mismatches | Indels","NF1",0.002,NA
"818276","> 5 mismatches | Indels","TP53",0.002,NA
"818377","[1, 5] mismatches","TSC2",0.002,NA
"818417","[1, 5] mismatches","MLH1",0.002,NA
"818420","[1, 5] mismatches","MUTYH",0.002,NA
"818423","[1, 5] mismatches","MLH1",0.002,NA
"818462","[1, 5] mismatches","AXIN2",0.002,NA
"818716","> 5 mismatches | Indels","RET",0.002,NA
"818770","> 5 mismatches | Indels","ATM",0.002,NA
"818783","> 5 mismatches | Indels","FH",0.002,NA
"819145","> 5 mismatches | Indels","TP53",0.002,NA
"819219","> 5 mismatches | Indels","RET",0.002,NA
"819236","[1, 5] mismatches","NF1",0.002,NA
"819348","[1, 5] mismatches","BARD1",0.002,NA
"819395","[1, 5] mismatches","MUTYH",0.002,NA
"820098","[1, 5] mismatches","TP53",0.002,NA
"820461","[1, 5] mismatches","RB1",0.002,NA
"821108","[1, 5] mismatches","BRCA1",0.002,NA
"821269","[1, 5] mismatches","BLM",0.002,NA
"821422","[1, 5] mismatches","BRCA1",0.002,NA
"821426","[1, 5] mismatches","BLM",0.002,NA
"821512","[1, 5] mismatches","BRCA1",0.002,NA
"821551","[1, 5] mismatches","NF2",0.002,NA
"821624","[1, 5] mismatches","BRIP1",0.002,NA
"821987","[1, 5] mismatches","POLE",0.002,NA
"822136","[1, 5] mismatches","BARD1",0.002,NA
"822169","[1, 5] mismatches","SDHA",0.002,NA
"822181","> 5 mismatches | Indels","ATM",0.002,NA
"822481","[1, 5] mismatches","BLM",0.002,NA
"822554","[1, 5] mismatches","BRCA1",0.002,NA
"822855","[1, 5] mismatches","ATM",0.002,NA
"822898","[1, 5] mismatches","BLM",0.002,NA
"822952","[1, 5] mismatches","ATM",0.002,NA
"823024","[1, 5] mismatches","MRE11A",0.002,NA
"823111","[1, 5] mismatches","BRCA1",0.002,NA
"823117","[1, 5] mismatches","RET",0.002,NA
"823145","[1, 5] mismatches","BRCA1",0.002,NA
"823359","[1, 5] mismatches","CDK4",0.002,NA
"823452","[1, 5] mismatches","TP53",0.002,NA
"823637","[1, 5] mismatches","BRIP1",0.002,NA
"823903","[1, 5] mismatches","BLM",0.002,NA
"824253","[1, 5] mismatches","PTCH1",0.002,NA
"824406","[1, 5] mismatches","BLM",0.002,NA
"824434","[1, 5] mismatches","BLM",0.002,NA
"824517","[1, 5] mismatches","PTCH1",0.002,NA
"824708","[1, 5] mismatches","BRCA1",0.002,NA
"824843","[1, 5] mismatches","APC",0.002,NA
"824937","[1, 5] mismatches","BRCA1",0.002,NA
"825019","[1, 5] mismatches","APC",0.002,NA
"825186","[1, 5] mismatches","BARD1",0.002,NA
"825433","[1, 5] mismatches","NF1",0.002,NA
"825464","[1, 5] mismatches","APC",0.002,NA
"825483","[1, 5] mismatches","TSC2",0.002,NA
"825557","[1, 5] mismatches","APC",0.002,NA
"825624","[1, 5] mismatches","APC",0.002,NA
"825794","[1, 5] mismatches","SMARCB1",0.002,NA
"825911","[1, 5] mismatches","KIT",0.002,NA
"826017","[1, 5] mismatches","APC",0.002,NA
"826054","[1, 5] mismatches","APC",0.002,NA
"826087","[1, 5] mismatches","APC",0.002,NA
"826353","[1, 5] mismatches","BRCA2",0.002,NA
"826479","[1, 5] mismatches","BRCA2",0.002,NA
"826488","[1, 5] mismatches","TP53",0.002,NA
"826574","[1, 5] mismatches","TP53",0.002,NA
"826638","> 5 mismatches | Indels","ATM",0.002,NA
"826836","> 5 mismatches | Indels","SMARCB1",0.002,NA
"827350","> 5 mismatches | Indels","PMS2",0.002,NA
"827490","[1, 5] mismatches","RET",0.002,NA
"827627","[1, 5] mismatches","EP300",0.002,NA
"829801","[1, 5] mismatches","FGFR2",0.002,NA
"833578","[1, 5] mismatches","SETD2",0.002,NA
"833701","[1, 5] mismatches","MTOR",0.002,NA
"833741","[1, 5] mismatches","PLCG2",0.002,NA
"834203","[1, 5] mismatches","DNMT3A",0.002,NA
"834629","> 5 mismatches | Indels","TSC2",0.002,NA
"834668","[1, 5] mismatches","DNMT3B",0.002,NA
"834677","[1, 5] mismatches","NOTCH1",0.002,NA
"835342","[1, 5] mismatches","NF1",0.002,NA
"835395","[1, 5] mismatches","FANCA",0.002,NA
"836648","[1, 5] mismatches","APC",0.002,NA
"837018","[1, 5] mismatches","TP53",0.002,NA
"837110","[1, 5] mismatches","TAP2",0.002,NA
"837161","[1, 5] mismatches","CD79B",0.002,NA
"837197","[1, 5] mismatches","EGFR",0.002,NA
"838772","[1, 5] mismatches","RECQL4",0.002,NA
"838821","[1, 5] mismatches","FANCA",0.002,NA
"839112","[1, 5] mismatches","RTEL1",0.002,NA
"839348","[1, 5] mismatches","APC",0.002,NA
"839398","> 5 mismatches | Indels","NF1",0.002,NA
"839530","[1, 5] mismatches","ALK",0.002,NA
"840559","[1, 5] mismatches","POLE",0.002,NA
"840696","[1, 5] mismatches","DICER1",0.002,NA
"840820","[1, 5] mismatches","RTEL1",0.002,NA
"841132","[1, 5] mismatches","ERBB2",0.002,NA
"841443","[1, 5] mismatches","AXIN2",0.002,NA
"841629","[1, 5] mismatches","RECQL4",0.002,NA
"842423","[1, 5] mismatches","BRCA1",0.002,NA
"843240","[1, 5] mismatches","RUNX1",0.002,NA
"843387","[1, 5] mismatches","BLM",0.002,NA
"843573","[1, 5] mismatches","FH",0.002,NA
"843922","[1, 5] mismatches","RECQL4",0.002,NA
"843942","[1, 5] mismatches","BRIP1",0.002,NA
"844231","> 5 mismatches | Indels","STK11",0.002,NA
"844786","[1, 5] mismatches","PDGFRA",0.002,NA
"845065","[1, 5] mismatches","RECQL4",0.002,NA
"845410","[1, 5] mismatches","NF1",0.002,NA
"845897","[1, 5] mismatches","RUNX1",0.002,NA
"846170","[1, 5] mismatches","KIT",0.002,NA
"846310","[1, 5] mismatches","DNMT1",0.002,NA
"846367","[1, 5] mismatches","RECQL4",0.002,NA
"846524","[1, 5] mismatches","RECQL4",0.002,NA
"846549","> 5 mismatches | Indels","STK11",0.002,NA
"847425","[1, 5] mismatches","RECQL4",0.002,NA
"847757","[1, 5] mismatches","FANCA",0.002,NA
"847912","[1, 5] mismatches","RECQL4",0.002,NA
"848157","[1, 5] mismatches","RRAS",0.002,NA
"848321","> 5 mismatches | Indels","RECQL4",0.002,NA
"848636","[1, 5] mismatches","ATM",0.002,NA
"848735","[1, 5] mismatches","RUNX1",0.002,NA
"848784","[1, 5] mismatches","ALK",0.002,NA
"849006","> 5 mismatches | Indels","FANCA",0.002,NA
"849095","[1, 5] mismatches","RECQL4",0.002,NA
"849216","[1, 5] mismatches","BRIP1",0.002,NA
"849510","[1, 5] mismatches","RET",0.002,NA
"849745","[1, 5] mismatches","ALK",0.002,NA
"849780","> 5 mismatches | Indels","MSH3",0.002,NA
"850634","> 5 mismatches | Indels","RB1",0.002,NA
"850736","[1, 5] mismatches","AXIN2",0.002,NA
"850811","[1, 5] mismatches","RET",0.002,NA
"851335","[1, 5] mismatches","ATM",0.002,NA
"851355","[1, 5] mismatches","ALK",0.002,NA
"851432","[1, 5] mismatches","NF1",0.002,NA
"851466","[1, 5] mismatches","DNMT3B",0.002,NA
"852070","[1, 5] mismatches","BRCA1",0.002,NA
"852381","[1, 5] mismatches","NF1",0.002,NA
"852390","> 5 mismatches | Indels","FH",0.002,NA
"853295","[1, 5] mismatches","BRIP1",0.002,NA
"853790","[1, 5] mismatches","CEBPA",0.002,NA
"855029","> 5 mismatches | Indels","RTEL1",0.002,NA
"855195","[1, 5] mismatches","RECQL4",0.002,NA
"855385","[1, 5] mismatches","ERCC4",0.002,NA
"855888","[1, 5] mismatches","RUNX1",0.002,NA
"856066","> 5 mismatches | Indels","RECQL4",0.002,NA
"856381","[1, 5] mismatches","RECQL4",0.002,NA
"856431","[1, 5] mismatches","CARD11",0.002,NA
"856662","[1, 5] mismatches","ERCC5",0.002,NA
"856805","[1, 5] mismatches","RET",0.002,NA
"857296","[1, 5] mismatches","RECQL4",0.002,NA
"857607","[1, 5] mismatches","TSC2",0.002,NA
"857809","[1, 5] mismatches","EGFR",0.002,NA
"858272","[1, 5] mismatches","RUNX1",0.002,NA
"858391","[1, 5] mismatches","AXIN2",0.002,NA
"858699","> 5 mismatches | Indels","RB1",0.002,NA
"858847","[1, 5] mismatches","AXIN2",0.002,NA
"858907","> 5 mismatches | Indels","NOTCH1",0.002,NA
"858986","[1, 5] mismatches","BRIP1",0.002,NA
"859522","[1, 5] mismatches","NOTCH1",0.002,NA
"859671","[1, 5] mismatches","STK11",0.002,NA
"859841","[1, 5] mismatches","SPRED1",0.002,NA
"860105","[1, 5] mismatches","AXIN2",0.002,NA
"860225","[1, 5] mismatches","RET",0.002,NA
"860485","[1, 5] mismatches","EGFR",0.002,NA
"860636","[1, 5] mismatches","ATM",0.002,NA
"860685","[1, 5] mismatches","KIT",0.002,NA
"860943","[1, 5] mismatches","MEN1",0.002,NA
"860992","[1, 5] mismatches","AXIN2",0.002,NA
"861340","[1, 5] mismatches","STK11",0.002,NA
"861561","[1, 5] mismatches","DNMT3B",0.002,NA
"861674","[1, 5] mismatches","JAK3",0.002,NA
"861819","[1, 5] mismatches","PDGFRA",0.002,NA
"861822","[1, 5] mismatches","RB1",0.002,NA
"861944","> 5 mismatches | Indels","RECQL4",0.002,NA
"862510","[1, 5] mismatches","MTOR",0.002,NA
"862707","[1, 5] mismatches","RRAS",0.002,NA
"863197","[1, 5] mismatches","RECQL4",0.002,NA
"863366","[1, 5] mismatches","MTOR",0.002,NA
"863526","[1, 5] mismatches","PDGFRA",0.002,NA
"863610","[1, 5] mismatches","FAM175A",0.002,NA
"863854","[1, 5] mismatches","RECQL4",0.002,NA
"864014","[1, 5] mismatches","POLE",0.002,NA
"864118","> 5 mismatches | Indels","RET",0.002,NA
"864436","[1, 5] mismatches","NOTCH1",0.002,NA
"864459","> 5 mismatches | Indels","NOTCH1",0.002,NA
"864906","[1, 5] mismatches","BRCA1",0.002,NA
"864964","[1, 5] mismatches","BRCA1",0.002,NA
"864981","[1, 5] mismatches","BRCA1",0.002,NA
"865462","[1, 5] mismatches","BRCA1",0.002,NA
"865477","[1, 5] mismatches","BRCA1",0.002,NA
"865489","[1, 5] mismatches","BRCA1",0.002,NA
"865513","[1, 5] mismatches","BRCA1",0.002,NA
"865736","[1, 5] mismatches","BRCA1",0.002,NA
"865744","[1, 5] mismatches","BRCA1",0.002,NA
"867547","[1, 5] mismatches","BRCA1",0.002,NA
"867556","[1, 5] mismatches","BRCA1",0.002,NA
"867688","[1, 5] mismatches","BRCA1",0.002,NA
"868075","[1, 5] mismatches","BRCA1",0.002,NA
"868094","[1, 5] mismatches","BRCA1",0.002,NA
"868398","[1, 5] mismatches","BRCA1",0.002,NA
"868400","[1, 5] mismatches","BRCA1",0.002,NA
"868460","[1, 5] mismatches","BRCA1",0.002,NA
"868501","[1, 5] mismatches","BRCA1",0.002,NA
"868551","[1, 5] mismatches","BRCA1",0.002,NA
"868630","[1, 5] mismatches","BRCA1",0.002,NA
"868632","[1, 5] mismatches","BRCA1",0.002,NA
"868682","[1, 5] mismatches","BRCA1",0.002,NA
"868693","[1, 5] mismatches","BRCA1",0.002,NA
"868852","[1, 5] mismatches","BRCA1",0.002,NA
"868876","[1, 5] mismatches","BRCA1",0.002,NA
"868879","[1, 5] mismatches","BRCA1",0.002,NA
"868939","[1, 5] mismatches","BRCA1",0.002,NA
"868943","[1, 5] mismatches","BRCA1",0.002,NA
"869056","[1, 5] mismatches","BRCA1",0.002,NA
"869147","[1, 5] mismatches","KDM5C",0.002,NA
"872339","[1, 5] mismatches","LZTR1",0.002,NA
"872787","[1, 5] mismatches","IDH2",0.002,NA
"885931","[1, 5] mismatches","DICER1",0.002,NA
"887496","[1, 5] mismatches","FANCA",0.002,NA
"890211","> 5 mismatches | Indels","NOTCH3",0.002,NA
"890784","[1, 5] mismatches","NOTCH3",0.002,NA
"892767","[1, 5] mismatches","INSR",0.002,NA
"895175","[1, 5] mismatches","ALK",0.002,NA
"89622","[1, 5] mismatches","MLH1",0.002,NA
"89661","[1, 5] mismatches","MLH1",0.002,NA
"8976","> 5 mismatches | Indels","NKX2-1",0.002,NA
"89762","[1, 5] mismatches","MLH1",0.002,NA
"897891","[1, 5] mismatches","SOS1",0.002,NA
"90860","[1, 5] mismatches","MSH2",0.002,NA
"91239","> 5 mismatches | Indels","MSH2",0.002,NA
"91243","> 5 mismatches | Indels","MSH2",0.002,NA
"91451","[1, 5] mismatches","BRCA2",0.002,NA
"91452","[1, 5] mismatches","BRCA2",0.002,NA
"915686","[1, 5] mismatches","SMAD3",0.002,NA
"915710","[1, 5] mismatches","TGFBR2",0.002,NA
"91584","[1, 5] mismatches","BRCA1",0.002,NA
"91610","[1, 5] mismatches","BRCA1",0.002,NA
"91611","[1, 5] mismatches","BRCA1",0.002,NA
"91632","[1, 5] mismatches","BRCA1",0.002,NA
"918793","[1, 5] mismatches","TGFBR2",0.002,NA
"919639","[1, 5] mismatches","TP53",0.002,NA
"920092","[1, 5] mismatches","MLH1",0.002,NA
"921045","[1, 5] mismatches","APC",0.002,NA
"921620","[1, 5] mismatches","BRIP1",0.002,NA
"921708","> 5 mismatches | Indels","ATM",0.002,NA
"921842","[1, 5] mismatches","BRCA2",0.002,NA
"921884","[1, 5] mismatches","CDH1",0.002,NA
"922036","[1, 5] mismatches","STK11",0.002,NA
"922120","[1, 5] mismatches","PMS2",0.002,NA
"922729","[1, 5] mismatches","ATM",0.002,NA
"923426","[1, 5] mismatches","BRCA1",0.002,NA
"924688","[1, 5] mismatches","PMS2",0.002,NA
"925391","[1, 5] mismatches","CDH1",0.002,NA
"926121","[1, 5] mismatches","MLH1",0.002,NA
"926126","[1, 5] mismatches","BRCA1",0.002,NA
"928193","[1, 5] mismatches","APC",0.002,NA
"928215","[1, 5] mismatches","BRCA2",0.002,NA
"928554","[1, 5] mismatches","BRCA2",0.002,NA
"928713","[1, 5] mismatches","LZTR1",0.002,NA
"928766","[1, 5] mismatches","BRCA1",0.002,NA
"930277","[1, 5] mismatches","TSC2",0.002,NA
"930398","[1, 5] mismatches","FLT4",0.002,NA
"932124","[1, 5] mismatches","CSF3R",0.002,NA
"933847","[1, 5] mismatches","RECQL4",0.002,NA
"934557","[1, 5] mismatches","APC",0.002,NA
"935027","[1, 5] mismatches","POLD1",0.002,NA
"935372","[1, 5] mismatches","POLE",0.002,NA
"936650","[1, 5] mismatches","BRCA1",0.002,NA
"938834","[1, 5] mismatches","MET",0.002,NA
"939271","[1, 5] mismatches","IL7R",0.002,NA
"939685","[1, 5] mismatches","SMAD3",0.002,NA
"941307","[1, 5] mismatches","MTOR",0.002,NA
"941342","> 5 mismatches | Indels","ATM",0.002,NA
"941460","[1, 5] mismatches","VHL",0.002,NA
"941924","[1, 5] mismatches","NF1",0.002,NA
"941974","[1, 5] mismatches","ATM",0.002,NA
"942021","[1, 5] mismatches","TP53",0.002,NA
"942503","[1, 5] mismatches","RECQL4",0.002,NA
"943065","[1, 5] mismatches","POLE",0.002,NA
"943213","[1, 5] mismatches","NF1",0.002,NA
"943346","[1, 5] mismatches","CEBPA",0.002,NA
"943543","[1, 5] mismatches","STK11",0.002,NA
"944559","[1, 5] mismatches","RB1",0.002,NA
"944688","[1, 5] mismatches","POLE",0.002,NA
"945934","[1, 5] mismatches","TSC2",0.002,NA
"946698","[1, 5] mismatches","AXIN2",0.002,NA
"946841","[1, 5] mismatches","POT1",0.002,NA
"946912","[1, 5] mismatches","DNMT3B",0.002,NA
"947192","[1, 5] mismatches","DNMT3B",0.002,NA
"947416","> 5 mismatches | Indels","RB1",0.002,NA
"947444","[1, 5] mismatches","POLE",0.002,NA
"948082","[1, 5] mismatches","CEBPA",0.002,NA
"948251","[1, 5] mismatches","DNMT3B",0.002,NA
"948521","[1, 5] mismatches","RECQL4",0.002,NA
"948679","> 5 mismatches | Indels","RECQL4",0.002,NA
"948949","> 5 mismatches | Indels","BLM",0.002,NA
"949320","[1, 5] mismatches","TSC2",0.002,NA
"949388","[1, 5] mismatches","ALK",0.002,NA
"949426","[1, 5] mismatches","ATM",0.002,NA
"949463","[1, 5] mismatches","TP53",0.002,NA
"949702","[1, 5] mismatches","IL7R",0.002,NA
"950222","[1, 5] mismatches","SDHA",0.002,NA
"950322","[1, 5] mismatches","RUNX1",0.002,NA
"950493","[1, 5] mismatches","BRCA2",0.002,NA
"950596","[1, 5] mismatches","NOTCH1",0.002,NA
"950861","[1, 5] mismatches","APC",0.002,NA
"950941","[1, 5] mismatches","ERCC4",0.002,NA
"951152","[1, 5] mismatches","SDHB",0.002,NA
"951789","[1, 5] mismatches","BRCA2",0.002,NA
"952314","[1, 5] mismatches","NOTCH1",0.002,NA
"952729","[1, 5] mismatches","DNMT1",0.002,NA
"952837","[1, 5] mismatches","DNMT3B",0.002,NA
"952939","[1, 5] mismatches","SDHA",0.002,NA
"953121","[1, 5] mismatches","ATM",0.002,NA
"953157","[1, 5] mismatches","SUFU",0.002,NA
"953598","[1, 5] mismatches","RNF43",0.002,NA
"954694","[1, 5] mismatches","BRCA1",0.002,NA
"955748","[1, 5] mismatches","ATM",0.002,NA
"956128","> 5 mismatches | Indels","ATM",0.002,NA
"956195","[1, 5] mismatches","AXIN2",0.002,NA
"956505","[1, 5] mismatches","MED12",0.002,NA
"956611","[1, 5] mismatches","NF1",0.002,NA
"956668","> 5 mismatches | Indels","SPRED1",0.002,NA
"956754","[1, 5] mismatches","RUNX1",0.002,NA
"956856","[1, 5] mismatches","NF2",0.002,NA
"957394","> 5 mismatches | Indels","NKX2-1",0.002,NA
"957449","[1, 5] mismatches","AXIN2",0.002,NA
"957566","[1, 5] mismatches","RECQL4",0.002,NA
"957711","[1, 5] mismatches","NF2",0.002,NA
"958678","[1, 5] mismatches","RECQL4",0.002,NA
"958991","[1, 5] mismatches","RECQL",0.002,NA
"959398","[1, 5] mismatches","PDGFRA",0.002,NA
"959851","[1, 5] mismatches","POLE",0.002,NA
"959909","[1, 5] mismatches","AXIN2",0.002,NA
"960015","[1, 5] mismatches","RECQL4",0.002,NA
"960531","[1, 5] mismatches","RB1",0.002,NA
"961201","[1, 5] mismatches","FANCA",0.002,NA
"961433","> 5 mismatches | Indels","MSH2",0.002,NA
"961485","[1, 5] mismatches","BRIP1",0.002,NA
"962064","[1, 5] mismatches","RNF43",0.002,NA
"962236","> 5 mismatches | Indels","RB1",0.002,NA
"962911","[1, 5] mismatches","POLD1",0.002,NA
"963455","[1, 5] mismatches","RECQL4",0.002,NA
"963679","[1, 5] mismatches","NF1",0.002,NA
"963777","> 5 mismatches | Indels","TSC1",0.002,NA
"964090","[1, 5] mismatches","MEN1",0.002,NA
"964212","> 5 mismatches | Indels","ATM",0.002,NA
"965537","[1, 5] mismatches","FANCA",0.002,NA
"966162","[1, 5] mismatches","POLE",0.002,NA
"966684","[1, 5] mismatches","RECQL4",0.002,NA
"966890","[1, 5] mismatches","SDHA",0.002,NA
"967548","[1, 5] mismatches","SUFU",0.002,NA
"968209","[1, 5] mismatches","RRAS",0.002,NA
"968560","[1, 5] mismatches","FANCA",0.002,NA
"968643","[1, 5] mismatches","PDGFRA",0.002,NA
"968671","[1, 5] mismatches","KIT",0.002,NA
"968700","[1, 5] mismatches","RET",0.002,NA
"96908","[1, 5] mismatches","BRCA1",0.002,NA
"969677","[1, 5] mismatches","APC",0.002,NA
"970468","[1, 5] mismatches","NF1",0.002,NA
"972768","[1, 5] mismatches","HNF1A",0.002,NA
"973397","[1, 5] mismatches","MLH1",0.002,NA
"974028","[1, 5] mismatches","FANCA",0.002,NA
"974587","[1, 5] mismatches","TSC2",0.002,NA
"975879","[1, 5] mismatches","SMAD3",0.002,NA
"9772","[1, 5] mismatches","KDM5C",0.002,NA
"977434","> 5 mismatches | Indels","EP300",0.002,NA
"978066","> 5 mismatches | Indels","BLM",0.002,NA
"978404","[1, 5] mismatches","EP300",0.002,NA
"978455","[1, 5] mismatches","RB1",0.002,NA
"978721","[1, 5] mismatches","RAF1",0.002,NA
"978807","[1, 5] mismatches","CBL",0.002,NA
"979117","> 5 mismatches | Indels","HNF1A",0.002,NA
"981586","[1, 5] mismatches","SOS1",0.002,NA
"982040","> 5 mismatches | Indels","CSF1R",0.002,NA
"984162","> 5 mismatches | Indels","FANCA",0.002,NA
"984470","[1, 5] mismatches","RRAS",0.002,NA
"985263","> 5 mismatches | Indels","H3F3A",0.002,NA
"988336","[1, 5] mismatches","MEN1",0.002,NA
"988397","[1, 5] mismatches","BRCA2",0.002,NA
"988466","[1, 5] mismatches","DNMT3A",0.002,NA
"991799","[1, 5] mismatches","FH",0.002,NA
"992267","[1, 5] mismatches","KDM5C",0.002,NA
"993641","[1, 5] mismatches","SMAD3",0.002,NA
"994122","[1, 5] mismatches","NOTCH3",0.002,NA
"995481","[1, 5] mismatches","ALOX12B",0.002,NA
"995489","[1, 5] mismatches","ALOX12B",0.002,NA
"995723","[1, 5] mismatches","ALOX12B",0.002,NA
"995761","[1, 5] mismatches","ALOX12B",0.002,NA
"995769","[1, 5] mismatches","ALOX12B",0.002,NA
"995792","[1, 5] mismatches","AGO2",0.002,NA
"996235","[1, 5] mismatches","BRCA2",0.002,NA
"996419","[1, 5] mismatches","NF1",0.002,NA
"996432","[1, 5] mismatches","NF1",0.002,NA
"996532","> 5 mismatches | Indels","NF1",0.002,NA
"998043","[1, 5] mismatches","NF1",0.002,NA
"999689","[1, 5] mismatches","NOTCH1",0.002,NA
"999713","[1, 5] mismatches","PTCH1",0.002,NA
